accelerometerX,accelerometerY,accelerometerZ,gyroscopeX,gyroscopeY,gyroscopeZ
-0.274,1.424,1.189,-59.998,-7.019,39.551
-0.310,1.542,1.296,-71.777,-11.597,23.193
-0.358,1.654,1.415,-76.965,-13.306,7.874
-0.398,1.776,1.471,-78.186,-4.578,-8.484
-0.437,1.888,1.467,-83.679,7.080,-26.672
-0.473,1.994,1.476,-90.759,16.174,-45.837
-0.539,2.136,1.530,-99.915,20.813,-66.406
-0.551,2.307,1.583,-97.046,25.940,-89.783
-0.574,2.502,1.646,-94.482,30.273,-117.554
-0.687,2.680,1.639,-92.041,37.964,-151.489
-0.811,2.662,1.511,-82.642,53.955,-202.698
-0.838,2.378,1.371,-83.008,70.557,-267.029
-0.872,2.022,1.338,-80.811,77.454,-320.068
-0.875,1.822,1.374,-74.341,83.984,-347.473
-0.947,1.722,1.411,-70.313,95.703,-362.488
-0.976,1.560,1.371,-74.707,114.868,-383.484
-1.024,1.193,1.310,-73.181,137.329,-416.138
-1.019,0.863,1.282,-68.298,160.645,-442.627
-1.090,0.620,1.174,-48.767,182.129,-450.684
-1.096,0.330,1.048,-28.503,203.430,-454.163
-1.154,0.047,0.962,-39.917,217.041,-459.351
-1.132,-0.207,0.806,-50.232,223.511,-454.285
-1.013,-0.434,0.651,-52.734,223.145,-441.956
-0.990,-0.597,0.498,-56.274,211.243,-424.622
-0.875,-0.769,0.287,-52.063,193.970,-402.954
-0.744,-0.969,0.156,-51.514,172.913,-383.118
-0.602,-1.189,0.158,-49.988,145.508,-363.586
-0.482,-1.346,0.221,-37.598,117.126,-335.144
-0.399,-1.334,0.257,-17.090,95.032,-294.983
-0.331,-1.233,0.229,-8.057,84.351,-254.578
-0.269,-1.209,0.196,-16.418,76.904,-229.370
-0.187,-1.334,0.240,-11.353,62.317,-219.360
-0.152,-1.481,0.373,-2.075,44.861,-206.543
-0.127,-1.548,0.471,0.854,35.034,-182.434
-0.066,-1.589,0.442,7.996,36.682,-151.306
-0.013,-1.618,0.363,3.357,41.382,-122.864
0.033,-1.655,0.317,-16.296,43.213,-98.328
0.099,-1.644,0.292,-36.804,41.626,-71.899
0.166,-1.557,0.270,-44.922,37.537,-42.664
0.213,-1.447,0.264,-43.640,31.677,-17.578
0.218,-1.394,0.267,-33.569,26.123,-1.526
0.194,-1.431,0.243,-20.691,22.583,7.507
0.297,-1.523,0.216,-8.911,21.729,16.785
0.063,-1.530,0.011,11.902,20.630,33.142
0.109,-1.448,-0.227,10.376,26.672,62.439
0.094,-1.464,-0.328,-3.113,16.235,81.177
0.060,-1.501,-0.213,-8.850,-15.686,99.060
0.012,-1.496,0.007,-10.986,-45.532,123.596
-0.032,-1.422,0.186,-7.324,-56.396,152.832
-0.089,-1.316,0.247,-1.343,-53.528,181.091
-0.143,-1.218,0.263,6.531,-49.133,205.261
-0.231,-1.201,0.337,19.226,-52.490,224.915
-0.297,-1.194,0.479,30.762,-59.875,244.507
-0.347,-1.135,0.673,48.828,-68.298,269.043
-0.413,-0.975,0.861,69.458,-73.547,299.744
-0.438,-0.643,0.906,84.534,-67.200,335.266
-0.441,-0.221,0.753,97.290,-46.814,367.432
-0.497,0.133,0.501,101.929,-26.001,384.949
-0.474,0.427,0.328,80.444,-18.433,389.709
-0.421,0.607,0.330,63.660,-34.241,384.460
-0.437,0.651,0.516,58.472,-61.829,373.169
-0.455,0.745,0.650,39.856,-76.782,367.126
-0.437,0.999,0.662,25.330,-71.350,373.169
-0.422,1.305,0.631,39.917,-64.575,379.700
-0.394,1.540,0.699,60.730,-71.899,372.314
-0.381,1.634,0.889,66.101,-88.562,346.313
-0.381,1.627,1.065,63.416,-98.328,310.669
-0.334,1.596,1.163,64.636,-89.966,281.799
-0.321,1.556,1.184,71.289,-67.444,263.733
-0.344,1.576,1.120,73.425,-46.753,256.226
-0.200,1.616,1.000,80.444,-40.894,258.484
-0.403,2.024,1.115,73.425,-49.683,263.489
-0.199,2.162,1.175,100.952,-63.171,245.422
-0.202,2.081,1.053,60.242,-60.303,197.937
-0.183,2.106,1.177,-28.381,-69.397,168.640
-0.179,2.047,1.211,-26.733,-70.862,150.818
-0.151,2.004,1.290,-14.099,-68.542,136.841
-0.074,1.993,1.279,-29.419,-56.458,132.324
-0.096,2.004,1.264,-33.936,-46.692,137.817
-0.088,2.042,1.298,-15.442,-40.283,142.761
-0.097,2.079,1.233,9.644,-26.001,135.010
-0.109,1.948,1.163,13.062,-15.564,112.671
-0.139,1.885,1.170,9.521,-10.254,86.182
-0.101,1.771,1.160,28.748,-1.953,44.495
-0.091,1.609,1.115,33.997,14.832,-4.700
-0.072,1.362,0.986,35.461,36.682,-47.729
-0.053,1.100,0.817,36.133,51.697,-75.806
-0.047,0.866,0.686,33.875,53.833,-86.731
-0.035,0.683,0.615,30.212,45.044,-82.764
-0.009,0.572,0.588,25.513,30.945,-70.251
0.007,0.502,0.602,17.395,13.672,-56.152
0.017,0.479,0.659,9.766,-2.380,-42.175
0.028,0.479,0.725,6.165,-12.634,-30.396
0.050,0.508,0.792,0.977,-16.602,-21.057
0.071,0.558,0.845,-3.235,-16.357,-14.832
0.078,0.591,0.876,-5.737,-11.169,-13.306
0.078,0.575,0.875,-5.859,-2.014,-17.090
0.073,0.522,0.835,-3.845,8.484,-22.949
0.080,0.469,0.773,-0.183,17.761,-26.733
0.071,0.426,0.698,5.432,21.606,-26.550

-0.294,1.216,1.273,5.249,-80.994,62.927
-0.361,1.469,1.330,15.198,-69.885,76.233
-0.310,1.779,1.333,31.433,-52.612,84.839
-0.325,2.083,1.320,47.119,-38.208,81.055
-0.358,2.354,1.311,59.937,-27.710,62.927
-0.370,2.538,1.348,69.397,-22.034,29.602
-0.452,2.526,1.410,78.247,-17.273,-21.484
-0.574,2.338,1.454,73.792,-5.493,-86.609
-0.680,2.084,1.438,44.678,21.240,-157.410
-0.740,1.820,1.342,5.798,58.716,-222.046
-0.797,1.597,1.190,-11.414,89.844,-268.250
-0.798,1.410,1.048,-4.028,104.736,-295.471
-0.734,1.293,1.003,-8.545,99.609,-311.096
-0.694,1.226,1.100,-25.574,74.219,-321.411
-0.656,1.169,1.336,-31.189,41.016,-329.529
-0.656,1.171,1.646,-30.029,18.982,-334.167
-0.706,1.221,1.890,-19.287,22.034,-333.984
-0.801,1.287,2.005,1.160,53.528,-331.421
-0.927,1.254,1.940,27.588,113.281,-337.952
-1.088,1.169,1.662,41.016,177.307,-355.347
-1.174,1.074,1.275,16.418,229.065,-371.338
-1.146,0.911,0.969,-15.686,260.193,-393.860
-1.109,0.618,0.652,-29.419,259.399,-427.551
-1.076,0.271,0.576,-45.898,239.258,-458.130
-0.999,-0.111,0.627,-61.462,215.149,-476.868
-0.914,-0.392,0.737,-71.655,198.669,-477.173
-0.858,-0.584,0.792,-52.307,194.458,-452.576
-0.828,-0.729,0.663,-0.366,204.163,-414.307
-0.831,-0.776,0.338,19.165,224.976,-375.671
-0.717,-0.869,0.001,-23.071,242.615,-349.670
-0.578,-1.104,-0.222,-82.458,236.206,-348.999
-0.463,-1.410,-0.278,-132.019,199.219,-350.464
-0.292,-1.661,-0.144,-157.776,139.343,-326.843
-0.137,-1.787,0.121,-144.897,80.200,-276.733
-0.010,-1.721,0.379,-109.192,41.382,-213.196
0.078,-1.534,0.485,-71.838,32.410,-155.518
0.145,-1.328,0.401,-43.640,51.086,-120.483
0.185,-1.246,0.195,-24.902,73.608,-106.873
0.196,-1.296,-0.019,-18.494,83.130,-106.506
0.235,-1.422,-0.180,-17.456,77.942,-103.516
0.263,-1.505,-0.265,-25.452,61.279,-89.355
0.285,-1.528,-0.278,-32.349,40.222,-64.880
0.304,-1.501,-0.225,-36.072,19.226,-35.583
0.321,-1.435,-0.109,-42.053,3.113,-7.690
0.322,-1.351,-0.004,-42.969,-4.883,14.771
0.306,-1.300,0.044,-37.231,-5.737,31.311
0.265,-1.295,-0.015,-30.151,-2.380,43.823
0.262,-1.322,-0.140,-26.672,-0.122,57.434
0.238,-1.377,-0.211,-26.489,-7.019,72.937
0.207,-1.422,-0.224,-29.968,-22.522,91.858
0.198,-1.408,-0.139,-37.292,-40.833,116.211
0.179,-1.326,-0.003,-37.476,-56.030,143.616
0.167,-1.205,0.128,-35.461,-63.843,169.312
0.131,-1.094,0.221,-30.762,-65.002,188.660
0.115,-0.977,0.262,-24.292,-63.538,204.346
0.113,-0.842,0.294,-14.709,-65.125,219.849
0.092,-0.673,0.364,-5.371,-71.533,237.000
0.073,-0.474,0.453,0.671,-77.881,253.174
0.063,-0.255,0.558,5.493,-81.360,266.052
0.045,-0.058,0.656,7.629,-81.421,273.437
0.037,0.045,0.772,3.357,-77.637,273.804
0.012,0.008,0.913,-3.967,-67.993,265.137
-0.029,-0.099,1.062,-12.695,-52.612,255.798
-0.059,-0.178,1.163,-7.202,-35.889,258.240
-0.116,-0.123,1.131,1.709,-13.123,275.940
-0.205,0.105,0.869,6.775,23.743,303.467
-0.275,0.410,0.458,6.653,64.331,333.496
-0.324,0.685,0.115,5.493,82.825,352.966
-0.327,0.904,0.008,11.719,56.519,353.699
-0.310,1.081,0.263,23.071,-7.080,345.764
-0.309,1.204,0.679,28.687,-66.040,334.412
-0.330,1.293,0.987,28.320,-90.515,322.266
-0.297,1.382,1.082,33.936,-70.313,309.570
-0.258,1.359,1.035,42.969,-28.381,295.654
-0.288,1.417,0.809,56.091,6.409,289.429
-0.329,1.560,0.653,61.523,15.625,286.316
-0.342,1.734,0.611,60.791,2.686,276.611
-0.046,1.831,0.557,60.242,-10.681,265.442
-0.351,2.150,0.607,51.636,-18.677,257.507
-0.166,2.154,0.562,54.871,-24.414,223.938
-0.154,2.014,0.567,9.338,-33.752,172.974
-0.185,1.906,0.697,-21.362,-51.636,142.212
-0.123,1.841,0.825,-14.832,-60.913,125.671
-0.057,1.838,0.911,-12.878,-58.716,120.972
-0.037,1.890,0.981,-14.954,-48.523,124.207
-0.026,1.953,0.937,-2.808,-28.748,122.070
-0.038,1.984,0.886,1.099,-11.047,104.248
-0.016,1.894,0.815,7.935,1.404,72.998
0.009,1.763,0.734,13.733,11.047,44.189
-0.023,1.712,0.662,18.921,13.977,24.902
-0.002,1.550,0.615,29.419,8.728,5.676
0.026,1.448,0.627,23.071,1.770,-6.226
0.022,1.375,0.666,24.719,-3.906,-10.803
0.038,1.275,0.695,20.142,-7.690,-17.456
0.035,1.195,0.699,14.343,-8.484,-23.865
0.044,1.085,0.706,17.517,-8.728,-31.067
0.053,0.963,0.711,18.372,-7.263,-36.499
0.057,0.841,0.715,15.686,-4.822,-38.330
0.050,0.735,0.717,10.803,-2.136,-36.011
0.044,0.671,0.719,7.202,0.793,-30.212

-0.272,1.893,0.729,72.327,0.793,71.533
-0.324,1.988,0.768,69.519,-13.428,45.776
-0.370,1.986,0.856,54.504,-28.870,3.784
-0.372,2.039,0.984,36.499,-39.856,-33.875
-0.388,2.164,1.145,28.381,-50.537,-59.692
-0.420,2.372,1.384,11.902,-58.411,-78.125
-0.441,2.625,1.714,-15.625,-59.875,-98.328
-0.563,2.764,1.999,-19.226,-45.105,-131.592
-0.748,2.895,2.153,-19.775,-5.371,-175.720
-0.885,2.955,2.191,-34.912,49.255,-231.934
-1.004,2.850,2.095,-37.903,96.863,-311.707
-1.258,2.451,2.098,-24.048,121.216,-406.189
-1.441,1.939,2.119,-30.457,144.409,-484.009
-1.591,1.394,2.070,-22.705,181.519,-536.133
-1.725,0.941,1.941,-5.676,229.126,-562.134
-1.922,0.526,1.563,4.517,286.011,-565.430
-1.891,0.084,1.056,-8.789,345.337,-562.500
-1.877,-0.424,0.581,-53.955,384.338,-568.115
-1.672,-0.950,0.223,-119.385,386.536,-576.111
-1.365,-1.414,0.071,-177.063,344.849,-571.716
-1.026,-1.750,0.116,-194.397,272.278,-532.715
-0.729,-1.860,0.265,-163.513,199.402,-455.139
-0.461,-1.674,0.442,-119.568,150.757,-358.337
-0.314,-1.283,0.494,-84.900,130.493,-269.531
-0.191,-0.986,0.403,-59.937,129.761,-217.957
-0.149,-0.939,0.268,-53.467,131.714,-210.510
-0.134,-1.106,0.105,-57.739,131.531,-223.511
-0.088,-1.371,-0.061,-54.016,127.380,-232.056
-0.031,-1.559,-0.178,-40.466,114.258,-221.313
0.053,-1.599,-0.245,-21.545,92.102,-189.270
0.132,-1.532,-0.246,0.549,66.345,-147.888
0.210,-1.391,-0.171,10.071,43.152,-111.389
0.274,-1.268,-0.069,12.024,26.428,-86.365
0.318,-1.212,-0.020,13.489,20.020,-72.205
0.322,-1.225,-0.056,11.353,24.109,-63.171
0.330,-1.283,-0.134,2.686,31.555,-53.528
0.331,-1.351,-0.200,-4.150,31.616,-40.894
0.317,-1.429,-0.235,-2.808,23.071,-24.658
0.302,-1.476,-0.260,-1.953,13.000,-4.700
0.319,-1.480,-0.278,-1.831,3.662,19.958
0.323,-1.415,-0.288,3.174,-7.385,49.744
0.343,-1.263,-0.234,8.362,-21.179,83.008
0.392,-1.026,-0.096,11.780,-39.490,114.746
0.442,-0.763,0.071,19.043,-58.533,139.893
0.490,-0.542,0.206,24.780,-70.618,154.907
0.526,-0.407,0.291,25.269,-70.679,156.555
0.535,-0.387,0.325,23.621,-61.401,146.606
0.522,-0.487,0.323,25.085,-50.537,132.019
0.493,-0.659,0.310,27.710,-43.518,122.131
0.424,-0.820,0.303,31.494,-41.748,124.268
0.343,-0.913,0.285,36.682,-41.626,139.587
0.272,-0.911,0.256,39.551,-41.809,164.001
0.184,-0.832,0.244,47.852,-45.715,191.711
0.129,-0.683,0.281,66.345,-56.885,218.811
0.092,-0.445,0.378,82.336,-74.280,245.911
0.071,-0.182,0.509,87.463,-89.783,269.287
0.056,0.024,0.629,84.839,-97.473,285.034
0.056,0.166,0.710,75.073,-96.069,291.870
0.035,0.234,0.754,61.646,-86.182,287.903
0.014,0.174,0.725,51.880,-70.129,277.405
-0.034,-0.007,0.645,41.016,-52.429,266.357
-0.118,-0.206,0.603,29.541,-41.138,265.869
-0.192,-0.248,0.636,33.630,-42.664,284.546
-0.255,-0.157,0.759,59.265,-56.824,323.303
-0.342,0.234,0.862,99.915,-71.289,375.366
-0.417,0.726,0.979,125.061,-88.379,414.551
-0.353,1.181,1.107,126.892,-107.544,432.434
-0.266,1.552,1.224,124.023,-116.333,422.974
-0.222,1.814,1.214,109.741,-105.286,387.939
-0.157,1.958,1.074,69.153,-75.928,338.440
-0.110,1.893,0.866,34.729,-46.631,278.015
-0.108,1.651,0.678,8.240,-32.532,221.924
-0.077,1.418,0.557,-4.578,-34.241,186.890
-0.148,1.376,0.580,1.709,-47.119,178.162
-0.093,1.439,0.645,28.931,-68.481,182.190
-0.041,1.549,0.771,28.564,-89.478,178.528
-0.007,1.774,1.000,13.855,-108.154,179.260
0.010,1.911,1.134,21.606,-109.131,174.805
0.041,2.013,1.215,14.832,-94.360,162.231
0.065,2.096,1.234,13.123,-69.336,141.052
0.067,2.081,1.143,17.273,-37.354,106.934
0.052,1.959,0.979,4.395,-8.911,66.650
0.050,1.761,0.794,-9.521,7.446,30.273
0.062,1.552,0.689,-14.160,6.714,5.493
0.067,1.400,0.696,-12.085,-6.653,-6.714
0.062,1.295,0.823,-10.498,-24.231,-12.207
0.066,1.223,0.960,-3.662,-32.654,-13.916
0.089,1.191,1.042,1.038,-27.100,-13.855
0.098,1.203,1.054,4.456,-13.977,-13.733
0.100,1.229,1.010,10.559,-0.793,-14.648
0.104,1.235,0.928,13.733,10.315,-19.775
0.101,1.172,0.848,10.925,17.578,-30.457
0.092,1.046,0.787,6.775,20.691,-43.335
0.085,0.903,0.718,1.404,22.888,-52.734
0.082,0.777,0.650,-4.395,23.499,-56.213
0.100,0.682,0.619,-7.324,19.653,-53.650
0.116,0.627,0.630,-7.751,11.108,-46.387
0.126,0.609,0.669,-6.042,2.380,-36.621
0.127,0.600,0.719,-5.005,-2.075,-29.053
0.132,0.578,0.753,-5.493,-1.709,-23.987

0.031,1.696,0.984,15.320,-9.277,-26.489
0.008,1.793,1.061,21.179,-8.362,-37.598
-0.032,1.921,1.086,28.687,-2.136,-47.607
-0.056,2.113,1.072,27.100,9.583,-55.603
-0.090,2.373,1.072,21.118,19.287,-62.195
-0.140,2.670,1.102,13.306,21.484,-72.205
-0.179,2.913,1.198,1.831,19.348,-93.018
-0.287,3.034,1.377,-13.916,14.832,-132.141
-0.414,3.028,1.554,-24.353,15.076,-188.416
-0.535,2.875,1.650,-19.653,28.198,-255.615
-0.648,2.564,1.661,-6.104,51.331,-325.684
-0.724,2.209,1.654,1.465,75.012,-381.470
-0.788,1.858,1.621,13.611,100.281,-416.138
-0.875,1.552,1.548,29.236,128.113,-438.965
-0.973,1.244,1.410,37.476,159.180,-457.642
-1.052,0.859,1.213,39.063,192.322,-475.891
-1.136,0.413,0.988,19.226,223.511,-491.882
-1.088,-0.056,0.841,-18.066,242.737,-502.075
-1.122,-0.518,0.739,-50.354,246.399,-504.272
-1.061,-0.942,0.565,-79.041,244.934,-489.380
-0.885,-1.264,0.374,-105.042,236.816,-458.435
-0.698,-1.458,0.230,-101.685,213.623,-411.316
-0.538,-1.501,0.207,-80.322,178.528,-350.220
-0.394,-1.423,0.309,-57.434,142.212,-291.870
-0.277,-1.300,0.401,-40.222,120.605,-249.390
-0.175,-1.248,0.426,-35.034,116.333,-227.661
-0.123,-1.305,0.370,-32.043,122.498,-220.276
-0.129,-1.421,0.212,-29.053,133.118,-212.524
-0.080,-1.532,0.028,-35.950,140.625,-196.960
0.001,-1.583,-0.074,-42.175,135.681,-173.462
0.058,-1.572,-0.093,-39.795,119.751,-144.287
0.122,-1.512,-0.085,-29.541,103.027,-114.258
0.181,-1.432,-0.096,-20.752,93.567,-89.172
0.227,-1.376,-0.154,-12.756,87.830,-71.167
0.254,-1.343,-0.251,-4.150,82.703,-56.152
0.266,-1.312,-0.324,-0.366,76.904,-40.894
0.289,-1.293,-0.371,0.305,67.871,-26.123
0.303,-1.252,-0.383,0.488,56.030,-9.216
0.307,-1.175,-0.396,0.854,45.105,10.071
0.300,-1.086,-0.448,1.648,37.659,28.870
0.327,-1.019,-0.508,2.991,30.090,43.579
0.348,-0.990,-0.553,4.517,17.639,54.138
0.352,-0.988,-0.545,3.967,2.991,62.439
0.356,-1.027,-0.495,3.906,-11.658,69.763
0.352,-1.062,-0.432,8.362,-24.536,79.529
0.364,-1.031,-0.368,15.991,-35.828,94.116
0.397,-0.949,-0.295,26.855,-47.852,111.572
0.404,-0.833,-0.206,34.790,-58.899,128.235
0.432,-0.714,-0.128,39.917,-66.895,142.334
0.457,-0.588,-0.050,42.786,-72.266,153.687
0.469,-0.472,0.025,45.349,-77.148,161.804
0.454,-0.373,0.064,47.913,-82.397,167.786
0.478,-0.320,0.115,45.288,-87.463,172.241
0.472,-0.283,0.207,42.175,-95.276,174.622
0.458,-0.268,0.302,51.086,-104.309,178.711
0.444,-0.259,0.379,64.636,-110.168,185.181
0.412,-0.242,0.446,74.402,-112.061,192.017
0.393,-0.210,0.516,85.388,-113.770,198.730
0.351,-0.176,0.559,100.037,-115.662,205.627
0.330,-0.120,0.597,100.281,-115.051,212.402
0.348,-0.037,0.653,93.323,-116.211,218.933
0.349,0.021,0.725,93.262,-119.141,225.952
0.344,0.043,0.776,84.045,-115.173,229.858
0.292,0.029,0.788,69.458,-99.670,232.056
0.208,0.019,0.695,59.570,-78.979,239.075
0.191,0.028,0.569,47.852,-64.758,251.648
0.107,0.129,0.501,40.588,-62.378,269.348
0.027,0.177,0.536,29.846,-72.998,279.907
-0.005,0.091,0.635,26.489,-85.876,281.067
-0.076,0.009,0.773,35.645,-94.788,287.170
-0.207,0.010,0.882,60.486,-95.520,306.091
-0.395,0.131,0.888,87.158,-82.581,333.496
-0.441,0.444,0.856,106.750,-69.397,365.112
-0.508,0.922,0.894,127.747,-73.853,398.865
-0.528,1.618,0.987,138.245,-99.304,431.274
-0.193,2.481,0.994,122.803,-129.517,447.937
-0.113,3.042,1.019,72.327,-150.146,398.743
0.059,3.270,1.176,3.235,-164.124,304.626
0.095,3.084,1.311,-41.931,-159.790,191.223
0.063,2.340,1.326,-36.743,-135.864,71.838
0.091,1.565,1.422,-56.274,-108.826,-8.301
0.065,1.094,1.382,-43.640,-75.012,-29.053
0.045,0.971,1.265,-11.658,-45.837,0.366
0.078,1.207,1.183,19.897,-30.151,52.063
0.100,1.652,1.159,45.532,-20.386,92.224
0.141,1.998,1.123,47.302,-7.874,94.177
0.185,2.084,1.047,30.396,4.089,59.143
0.183,1.906,0.953,11.169,12.207,9.155
0.161,1.576,0.862,-6.409,15.747,-33.813
0.158,1.273,0.808,-13.977,14.587,-59.143
0.165,1.062,0.782,-10.254,10.864,-67.200
0.152,0.932,0.765,-2.686,6.348,-65.613
0.167,0.831,0.757,0.854,2.686,-61.462
0.172,0.729,0.768,4.089,-0.732,-58.899
0.191,0.641,0.776,8.118,-2.441,-54.688
0.213,0.599,0.768,11.230,-0.732,-46.692
0.219,0.579,0.749,15.625,2.502,-37.842
0.223,0.564,0.714,15.015,7.202,-31.921
0.229,0.537,0.671,10.864,11.353,-28.809
0.237,0.504,0.637,7.141,12.390,-26.001

-0.056,1.828,0.729,14.893,75.256,76.782
-0.068,2.045,0.662,10.559,65.369,65.308
-0.058,2.211,0.677,4.150,47.241,43.335
-0.059,2.282,0.797,-4.456,24.231,9.583
-0.091,2.272,0.981,-22.095,7.385,-29.236
-0.118,2.233,1.111,-42.480,6.470,-65.735
-0.130,2.265,1.161,-58.716,20.874,-96.375
-0.152,2.363,1.123,-68.115,40.222,-120.483
-0.233,2.449,1.038,-75.745,56.458,-146.423
-0.293,2.486,0.975,-93.994,62.439,-183.777
-0.335,2.412,1.016,-112.732,52.673,-232.849
-0.399,2.178,1.204,-116.455,33.081,-288.391
-0.441,1.909,1.455,-122.131,21.606,-338.013
-0.496,1.698,1.548,-112.427,31.250,-370.361
-0.551,1.529,1.463,-81.848,54.321,-390.991
-0.593,1.337,1.364,-57.556,73.059,-412.354
-0.703,1.108,1.251,-38.513,83.069,-436.401
-0.813,0.823,1.067,-29.236,88.928,-459.473
-0.861,0.472,0.884,-33.752,91.858,-480.774
-0.894,0.041,0.730,-51.697,93.506,-496.887
-0.844,-0.414,0.667,-97.046,88.989,-501.587
-0.735,-0.887,0.750,-137.573,73.730,-494.690
-0.583,-1.329,0.975,-160.095,54.993,-472.717
-0.441,-1.648,1.246,-171.082,45.654,-433.655
-0.308,-1.840,1.430,-159.119,57.678,-380.859
-0.219,-1.928,1.337,-122.742,90.088,-324.036
-0.107,-1.873,0.966,-88.318,132.568,-268.433
-0.031,-1.695,0.543,-67.505,164.917,-218.262
0.020,-1.498,0.181,-53.650,171.692,-179.749
0.086,-1.346,-0.086,-43.823,157.715,-154.175
0.165,-1.241,-0.218,-41.077,130.066,-138.184
0.235,-1.204,-0.193,-45.349,96.130,-128.479
0.301,-1.175,-0.020,-44.617,65.857,-119.202
0.357,-1.097,0.148,-40.466,48.889,-103.638
0.378,-1.020,0.194,-35.278,51.147,-87.646
0.377,-0.991,0.092,-31.067,66.833,-78.674
0.373,-0.994,-0.099,-30.273,81.726,-72.754
0.387,-0.996,-0.274,-29.846,83.923,-64.087
0.392,-0.967,-0.357,-27.527,72.266,-51.514
0.414,-0.913,-0.354,-23.682,52.856,-38.269
0.430,-0.836,-0.267,-22.705,31.128,-26.062
0.424,-0.821,-0.181,-17.944,17.395,-18.433
0.383,-0.893,-0.193,-14.587,16.785,-16.602
0.364,-1.020,-0.297,-14.343,22.766,-14.893
0.335,-1.151,-0.418,-8.606,23.071,-7.568
0.319,-1.229,-0.477,-2.014,13.916,7.812
0.313,-1.227,-0.471,4.761,-3.174,31.067
0.316,-1.169,-0.390,13.611,-24.170,55.603
0.311,-1.101,-0.265,20.874,-41.992,75.195
0.301,-1.063,-0.167,25.208,-51.208,88.684
0.275,-1.065,-0.139,29.297,-53.223,98.999
0.245,-1.084,-0.152,31.067,-52.917,110.291
0.233,-1.081,-0.128,33.447,-57.617,125.061
0.212,-1.041,-0.035,39.307,-67.993,144.043
0.191,-0.988,0.052,45.288,-76.538,164.856
0.171,-0.934,0.112,48.218,-82.214,184.082
0.123,-0.848,0.185,50.476,-88.623,205.078
0.100,-0.725,0.255,54.443,-96.252,228.027
0.093,-0.561,0.366,56.274,-105.225,250.977
0.039,-0.388,0.496,54.993,-112.427,273.254
0.011,-0.233,0.594,56.335,-113.892,290.710
0.015,-0.059,0.682,59.875,-112.976,302.917
-0.065,0.144,0.773,71.594,-116.943,314.819
-0.038,0.291,0.800,86.365,-118.713,322.937
-0.099,0.351,0.780,90.454,-115.723,321.777
-0.130,0.382,0.745,94.482,-117.188,320.312
-0.208,0.456,0.730,94.482,-121.582,325.317
-0.247,0.543,0.818,79.834,-131.592,328.979
-0.267,0.670,0.994,74.890,-144.043,339.355
-0.330,0.892,1.198,76.416,-148.560,360.779
-0.305,1.303,1.367,70.984,-144.104,385.071
-0.195,1.890,1.459,57.556,-137.695,404.175
-0.092,2.475,1.495,46.082,-127.197,402.100
0.014,2.787,1.379,31.799,-104.065,358.826
0.076,2.554,1.072,9.277,-71.411,268.677
0.031,2.130,0.750,-5.554,-46.997,167.236
0.062,1.370,0.514,-10.681,-45.654,83.679
0.010,0.806,0.631,-42.053,-65.063,58.716
-0.011,0.786,0.958,-48.401,-96.985,109.192
0.039,1.313,1.390,-11.292,-116.577,184.509
0.104,2.121,1.769,20.752,-120.056,246.155
0.138,2.829,1.941,43.030,-90.271,253.662
0.203,3.144,1.808,45.837,-28.931,190.918
0.202,2.929,1.404,41.931,35.339,85.571
0.166,2.302,0.923,40.039,79.834,-19.653
0.137,1.662,0.493,41.382,92.651,-90.454
0.084,1.139,0.336,36.072,69.885,-126.099
0.116,0.720,0.406,23.437,25.635,-128.235
0.166,0.473,0.597,19.836,-7.812,-103.882
0.206,0.431,0.744,15.930,-17.090,-66.833
0.237,0.527,0.814,9.644,-10.925,-30.151
0.242,0.731,0.834,6.226,-0.549,-3.479
0.249,0.854,0.787,3.296,8.972,4.150
0.256,0.848,0.725,-6.714,15.320,-3.174
0.233,0.792,0.674,-12.207,15.320,-12.268
0.242,0.729,0.646,-9.583,11.841,-18.372
0.236,0.661,0.638,-6.287,8.301,-22.156
0.238,0.606,0.617,-3.479,7.385,-23.193
0.239,0.564,0.581,-0.671,7.812,-22.400
0.244,0.543,0.552,0.732,7.874,-19.592

0.066,2.287,0.741,-19.897,-11.963,3.052
0.033,2.764,0.878,-26.001,-34.180,-3.601
-0.086,3.169,1.096,-40.222,-51.270,-32.288
-0.195,3.439,1.253,-63.293,-51.697,-85.083
-0.319,3.475,1.344,-82.947,-41.138,-156.250
-0.400,3.275,1.410,-86.609,-32.471,-232.483
-0.451,3.008,1.486,-73.975,-23.437,-293.579
-0.515,2.816,1.542,-59.265,-5.127,-333.984
-0.632,2.661,1.522,-35.645,24.597,-364.807
-0.752,2.383,1.404,-8.911,58.105,-400.085
-0.889,1.936,1.233,10.437,89.111,-440.918
-1.014,1.385,1.028,15.625,116.577,-474.731
-1.024,0.909,0.914,3.418,131.104,-496.033
-1.049,0.482,0.891,7.446,126.587,-502.747
-1.049,0.125,0.862,18.921,118.286,-493.896
-0.987,-0.174,0.837,14.221,112.793,-479.736
-0.923,-0.523,0.803,4.822,107.361,-466.431
-0.831,-0.901,0.778,-11.963,106.812,-451.172
-0.707,-1.220,0.779,-37.537,107.178,-425.781
-0.562,-1.464,0.755,-53.040,107.300,-386.658
-0.420,-1.579,0.718,-69.214,110.352,-338.135
-0.285,-1.585,0.666,-76.599,112.671,-286.804
-0.179,-1.514,0.608,-74.219,113.159,-241.028
-0.103,-1.416,0.545,-69.031,111.816,-206.848
-0.054,-1.354,0.451,-56.458,109.680,-186.157
-0.010,-1.395,0.315,-35.461,107.056,-176.819
0.035,-1.516,0.198,-15.747,102.539,-171.997
0.087,-1.638,0.111,-1.099,93.872,-162.537
0.126,-1.714,0.070,11.230,81.299,-143.250
0.141,-1.731,0.034,20.325,68.970,-116.638
0.170,-1.697,-0.004,23.499,59.875,-88.074
0.192,-1.625,-0.032,22.400,51.392,-60.913
0.229,-1.543,-0.005,19.043,40.833,-36.804
0.261,-1.470,0.083,13.794,29.907,-16.357
0.275,-1.406,0.157,7.935,24.719,0.610
0.271,-1.360,0.132,2.014,28.809,15.686
0.259,-1.342,0.003,-2.563,37.537,29.236
0.259,-1.321,-0.145,-3.845,41.870,43.884
0.255,-1.249,-0.228,-3.052,36.865,61.890
0.260,-1.125,-0.246,-0.610,23.437,80.872
0.284,-1.004,-0.220,4.211,8.057,95.032
0.295,-0.926,-0.173,11.108,-4.028,103.333
0.318,-0.864,-0.163,17.517,-12.512,108.948
0.308,-0.837,-0.122,22.888,-22.522,114.075
0.357,-0.833,-0.082,27.222,-29.541,121.216
0.290,-0.753,-0.010,33.386,-35.950,129.883
0.317,-0.783,0.044,40.833,-41.321,136.841
0.303,-0.767,0.091,39.063,-43.518,146.729
0.304,-0.682,0.201,39.368,-50.842,163.574
0.332,-0.584,0.281,44.373,-55.603,178.467
0.336,-0.522,0.355,40.649,-56.641,188.721
0.340,-0.484,0.433,39.307,-55.298,196.899
0.320,-0.430,0.496,40.527,-51.636,207.581
0.289,-0.339,0.500,44.128,-46.082,221.985
0.253,-0.224,0.473,47.302,-41.748,236.206
0.223,-0.089,0.468,42.542,-44.067,247.070
0.200,-0.001,0.490,42.969,-49.866,253.479
0.200,0.036,0.505,40.894,-53.467,255.798
0.171,0.087,0.533,37.537,-56.152,258.606
0.212,0.245,0.569,43.335,-61.401,270.874
0.187,0.421,0.671,45.593,-68.604,289.124
0.203,0.645,0.748,47.607,-72.571,304.626
0.134,0.863,0.804,40.283,-71.045,307.312
0.138,0.998,0.905,28.381,-71.899,292.847
0.217,1.116,1.005,23.010,-74.646,275.146
0.230,1.154,1.110,17.212,-75.012,255.249
0.193,1.006,1.099,21.851,-58.899,225.220
0.183,0.734,0.909,25.208,-30.762,193.237
0.154,0.555,0.712,26.733,-12.512,184.937
0.090,0.625,0.608,40.161,-11.780,207.458
0.116,0.978,0.575,48.340,-20.142,245.422
0.107,1.411,0.611,42.175,-33.447,272.583
0.088,1.913,0.688,29.724,-46.753,277.405
0.168,2.104,0.686,-1.038,-50.903,244.385
0.213,2.020,0.772,-55.420,-51.392,188.965
0.217,1.770,0.810,-71.350,-41.687,140.442
0.245,1.463,0.795,-69.824,-26.611,104.309
0.233,1.251,0.784,-57.678,-16.541,88.867
0.212,1.268,0.755,-28.015,-9.399,98.022
0.219,1.518,0.695,6.226,-4.456,118.896
0.218,1.841,0.643,30.457,-1.282,131.775
0.229,2.074,0.606,34.058,1.160,123.291
0.258,2.156,0.572,24.475,1.770,94.116
0.271,2.072,0.592,9.766,-2.441,54.199
0.274,1.866,0.652,0.427,-7.324,14.954
0.266,1.620,0.654,-3.113,-6.042,-14.648
0.263,1.395,0.593,-1.770,0.244,-32.166
0.269,1.226,0.524,2.563,4.272,-39.246
0.274,1.114,0.494,9.705,1.221,-39.124
0.278,1.043,0.522,13.916,-6.104,-35.706
0.284,0.990,0.585,12.573,-11.597,-33.203
0.291,0.925,0.604,10.254,-10.925,-32.410
0.286,0.867,0.601,6.165,-7.019,-31.372
0.299,0.818,0.578,5.493,-2.991,-29.419
0.296,0.793,0.536,5.493,0.061,-27.527
0.288,0.793,0.504,4.456,-0.549,-25.269
0.288,0.797,0.501,1.831,-4.517,-24.536
0.310,0.763,0.544,-0.488,-11.902,-27.161
0.316,0.699,0.623,-2.258,-18.127,-31.494
0.314,0.620,0.687,-3.296,-19.226,-34.607

0.093,3.058,0.384,50.842,-50.781,1.160
0.001,3.189,0.833,14.526,-93.689,-42.969
-0.052,3.080,1.271,-10.376,-113.647,-102.539
-0.065,2.988,1.482,-28.137,-87.463,-149.231
-0.066,2.973,1.493,-32.837,-48.462,-178.406
-0.100,2.979,1.432,-22.278,-20.752,-202.820
-0.170,2.898,1.369,-4.944,-2.625,-235.474
-0.266,2.673,1.272,8.545,12.817,-276.550
-0.330,2.300,1.179,19.592,27.405,-317.688
-0.418,1.848,1.161,18.311,38.269,-351.135
-0.475,1.447,1.172,15.991,48.523,-373.962
-0.531,1.138,1.066,13.306,62.805,-387.207
-0.588,0.799,1.056,3.418,68.298,-395.264
-0.563,0.436,1.152,-15.686,73.486,-396.973
-0.557,0.071,1.179,-31.250,87.646,-396.790
-0.561,-0.211,1.129,-40.588,101.318,-388.733
-0.567,-0.401,1.022,-46.387,109.192,-369.385
-0.504,-0.574,0.923,-56.091,110.596,-347.534
-0.440,-0.780,0.897,-70.313,106.140,-334.106
-0.390,-0.972,0.880,-75.073,100.830,-320.801
-0.338,-1.092,0.824,-73.364,99.121,-299.011
-0.285,-1.144,0.692,-65.735,101.685,-272.644
-0.230,-1.151,0.519,-58.228,104.614,-246.704
-0.150,-1.174,0.369,-50.598,104.004,-226.868
-0.074,-1.227,0.268,-42.786,96.680,-212.524
-0.004,-1.266,0.240,-35.706,83.679,-196.838
0.055,-1.270,0.233,-25.940,70.435,-177.246
0.088,-1.257,0.198,-14.404,63.599,-157.166
0.121,-1.219,0.142,-10.376,61.951,-138.245
0.165,-1.190,0.117,-9.644,57.800,-122.253
0.202,-1.204,0.135,-7.324,50.171,-109.497
0.218,-1.250,0.151,-4.211,45.227,-98.938
0.230,-1.303,0.087,-0.366,47.363,-87.646
0.245,-1.350,-0.008,1.770,51.819,-74.890
0.271,-1.361,-0.080,3.235,49.988,-60.120
0.278,-1.343,-0.122,6.287,40.833,-42.297
0.276,-1.346,-0.148,11.047,30.701,-25.635
0.279,-1.389,-0.168,12.329,23.437,-13.428
0.275,-1.460,-0.189,13.062,16.968,-1.831
0.276,-1.511,-0.187,12.390,9.766,14.221
0.280,-1.508,-0.162,12.573,0.671,36.255
0.270,-1.475,-0.122,14.465,-8.423,60.791
0.281,-1.417,-0.077,12.573,-15.808,84.717
0.188,-1.329,-0.041,7.874,-22.400,105.347
0.247,-1.257,0.028,3.662,-29.297,123.047
0.255,-1.208,0.056,4.333,-31.311,140.015
0.201,-1.157,0.134,5.310,-32.898,157.104
0.250,-1.103,0.159,10.925,-32.593,175.232
0.206,-0.948,0.213,17.944,-37.415,199.768
0.205,-0.722,0.302,27.893,-46.387,223.511
0.200,-0.526,0.381,38.940,-53.528,238.220
0.162,-0.336,0.451,45.105,-59.082,247.131
0.157,-0.153,0.509,48.706,-63.782,253.723
0.155,-0.033,0.591,45.715,-68.237,257.141
0.153,0.057,0.701,41.870,-70.190,260.742
0.130,0.152,0.780,39.490,-65.613,268.066
0.125,0.238,0.829,31.250,-55.542,274.475
0.097,0.272,0.842,23.254,-44.067,275.391
0.057,0.262,0.811,17.822,-32.166,273.743
0.014,0.204,0.758,15.503,-22.644,272.827
-0.021,0.191,0.696,29.236,-16.541,277.344
-0.085,0.246,0.690,50.110,-15.381,295.044
-0.127,0.561,0.739,74.890,-19.409,327.026
-0.175,1.066,0.885,82.581,-37.476,358.643
-0.121,1.543,1.068,80.750,-64.331,373.718
-0.067,1.843,1.232,83.008,-73.181,356.567
-0.014,1.953,1.183,59.326,-50.598,310.730
0.035,1.849,0.889,29.724,-10.925,250.793
0.044,1.582,0.516,11.047,18.250,196.472
0.102,1.278,0.284,7.812,20.874,161.377
0.168,1.020,0.273,7.019,-1.892,147.339
0.061,0.980,0.447,15.198,-36.011,153.076
0.024,0.960,0.576,15.137,-51.392,162.842
0.034,1.274,0.788,-2.686,-58.472,193.665
0.070,1.825,0.888,12.939,-59.692,229.675
0.033,2.323,1.029,13.916,-59.326,236.694
0.141,2.702,1.107,4.944,-47.791,214.600
0.159,2.812,1.058,8.850,-24.536,159.851
0.190,2.522,0.929,0.244,-0.183,79.651
0.177,1.932,0.711,-4.761,20.813,3.601
0.174,1.415,0.524,-5.554,29.236,-37.964
0.198,1.106,0.422,1.953,25.208,-42.480
0.216,1.013,0.437,8.850,9.155,-22.339
0.232,1.077,0.565,14.526,-8.301,2.563
0.248,1.201,0.679,21.790,-14.343,18.311
0.240,1.275,0.692,20.874,-7.507,19.348
0.238,1.268,0.623,15.442,2.563,9.644
0.241,1.191,0.564,10.376,6.958,-2.502
0.239,1.082,0.550,6.958,4.822,-13.184
0.236,0.971,0.572,3.845,1.038,-19.836
0.240,0.866,0.588,1.953,-0.977,-22.888
0.242,0.780,0.584,1.587,-0.610,-22.583
0.235,0.731,0.578,-0.305,0.183,-18.799
0.240,0.714,0.577,0.061,-0.061,-13.184
0.250,0.724,0.594,1.160,-1.648,-7.812
0.260,0.736,0.626,2.747,-3.540,-4.517
0.251,0.724,0.651,2.625,-2.808,-3.723
0.245,0.710,0.646,0.732,0.671,-4.089
0.254,0.745,0.594,1.099,4.150,-2.319
0.255,0.797,0.561,2.197,4.578,0.122

0.120,2.180,0.687,5.127,-24.536,-4.272
0.098,2.337,0.766,-7.019,-29.968,-24.109
0.077,2.406,0.891,-24.414,-33.691,-51.697
0.047,2.398,1.002,-36.194,-31.006,-82.642
0.008,2.364,1.054,-36.072,-21.484,-111.084
-0.023,2.355,1.048,-30.151,-7.812,-133.240
-0.061,2.378,0.994,-20.569,5.188,-152.222
-0.134,2.388,0.914,-8.911,15.015,-172.913
-0.161,2.333,0.880,-4.517,21.362,-198.730
-0.164,2.308,0.852,-5.737,22.461,-227.844
-0.250,2.232,0.936,-5.005,13.489,-258.972
-0.293,2.078,1.124,-8.057,6.104,-289.612
-0.338,1.851,1.250,-11.047,18.127,-318.176
-0.373,1.629,1.263,-20.325,42.725,-342.407
-0.469,1.401,1.178,-18.494,68.115,-360.901
-0.535,1.170,1.109,-12.817,89.111,-376.831
-0.669,0.907,1.000,-7.935,109.619,-392.883
-0.746,0.570,0.840,-4.578,128.235,-409.119
-0.763,0.183,0.723,-0.916,135.681,-426.758
-0.758,-0.167,0.692,-7.385,128.235,-434.143
-0.747,-0.487,0.685,-6.592,115.295,-427.917
-0.681,-0.812,0.674,-4.944,108.887,-415.344
-0.586,-1.094,0.707,-27.954,105.957,-400.391
-0.491,-1.345,0.720,-45.044,103.394,-376.831
-0.378,-1.509,0.682,-50.354,106.934,-342.041
-0.251,-1.586,0.592,-61.951,114.624,-300.964
-0.182,-1.586,0.487,-68.665,119.690,-262.085
-0.094,-1.583,0.372,-68.115,117.920,-229.065
-0.015,-1.597,0.243,-60.364,113.647,-201.355
0.072,-1.594,0.124,-52.551,107.605,-176.819
0.141,-1.503,0.059,-44.495,94.421,-149.292
0.201,-1.325,0.060,-29.419,75.439,-119.263
0.246,-1.147,0.082,-14.771,59.937,-97.046
0.284,-1.079,0.083,-7.202,53.284,-88.562
0.289,-1.134,0.058,-2.319,51.941,-89.233
0.292,-1.259,-0.013,3.418,51.880,-89.722
0.286,-1.371,-0.103,11.719,52.124,-83.130
0.270,-1.428,-0.178,20.447,48.645,-68.420
0.278,-1.445,-0.223,26.794,38.025,-49.133
0.261,-1.474,-0.223,28.320,22.400,-29.663
0.240,-1.537,-0.178,24.231,9.155,-12.146
0.240,-1.592,-0.144,17.334,1.404,6.470
0.229,-1.606,-0.158,12.329,-0.610,29.602
0.212,-1.572,-0.201,9.216,-0.977,55.786
0.208,-1.508,-0.237,8.667,-3.784,82.581
0.203,-1.442,-0.233,8.728,-11.963,106.689
0.202,-1.391,-0.185,9.338,-23.804,127.197
0.192,-1.357,-0.106,11.353,-35.461,145.691
0.257,-1.314,-0.020,13.367,-44.373,165.527
0.141,-1.257,0.074,18.188,-51.514,186.829
0.148,-1.153,0.167,25.085,-55.298,210.388
0.063,-0.995,0.260,37.109,-57.678,233.398
0.018,-0.847,0.371,49.377,-61.157,254.517
0.015,-0.656,0.368,53.772,-56.091,272.705
0.011,-0.435,0.381,53.101,-56.335,288.208
0.039,-0.248,0.417,58.655,-67.200,297.852
0.035,-0.098,0.451,53.711,-77.209,303.589
0.011,0.018,0.523,36.804,-82.703,307.800
-0.001,0.103,0.622,20.630,-86.548,312.622
-0.013,0.196,0.732,6.775,-86.487,320.862
-0.035,0.326,0.811,0.061,-78.369,332.153
-0.057,0.479,0.828,1.343,-64.880,341.553
-0.036,0.675,0.828,5.432,-53.955,346.558
-0.058,0.920,0.849,12.878,-47.791,352.844
-0.028,1.171,0.824,30.579,-44.434,356.567
-0.030,1.444,0.764,37.354,-37.964,350.830
-0.013,1.600,0.739,34.485,-38.696,325.928
0.033,1.571,0.735,46.509,-40.527,289.062
0.048,1.452,0.757,46.570,-39.978,254.028
0.047,1.287,0.785,38.879,-39.612,228.088
0.019,1.145,0.801,35.828,-36.804,213.379
-0.000,1.099,0.761,32.043,-27.893,212.830
-0.066,1.178,0.663,27.954,-17.090,223.633
-0.044,1.582,0.652,24.231,-15.930,242.187
-0.014,1.953,0.681,40.710,-24.170,250.183
0.045,2.122,0.702,26.367,-33.630,229.126
0.091,2.370,0.797,-6.897,-41.504,209.595
0.137,2.512,0.918,-7.568,-49.072,185.425
0.171,2.451,0.999,-7.751,-37.659,137.634
0.172,2.185,0.918,-11.658,-8.911,79.346
0.168,1.794,0.686,-6.104,21.851,27.222
0.173,1.466,0.455,0.366,36.133,-0.732
0.175,1.279,0.358,12.756,31.250,-4.700
0.203,1.225,0.334,28.381,15.869,4.639
0.207,1.269,0.394,34.119,0.732,14.954
0.224,1.318,0.485,32.410,-9.521,18.127
0.226,1.305,0.568,27.466,-12.329,12.878
0.230,1.256,0.611,18.555,-8.423,4.333
0.238,1.197,0.591,10.803,-0.793,-1.648
0.230,1.149,0.554,5.127,4.517,-4.944
0.228,1.101,0.523,1.648,6.897,-7.507
0.234,1.052,0.510,0.549,5.859,-10.315
0.237,1.013,0.535,2.258,2.197,-12.756
0.234,0.974,0.575,5.920,-0.732,-15.259
0.237,0.919,0.569,8.606,-0.122,-18.616
0.254,0.860,0.559,6.592,1.404,-21.667
0.252,0.810,0.549,6.897,1.404,-22.949
0.253,0.782,0.531,7.385,1.526,-21.545
0.264,0.772,0.521,7.202,0.793,-19.165
0.272,0.762,0.538,6.714,-0.854,-16.968

0.097,2.075,0.740,-26.062,-22.644,44.373
0.083,2.384,0.796,-23.437,-19.653,35.828
0.039,2.626,0.774,-18.311,-7.629,14.282
-0.047,2.807,0.689,-14.954,6.287,-17.822
-0.091,2.944,0.606,-12.451,16.174,-54.932
-0.162,3.061,0.540,-16.846,18.494,-91.064
-0.236,3.189,0.579,-28.870,7.751,-125.916
-0.292,3.282,0.679,-44.250,-4.822,-162.109
-0.383,3.262,0.828,-57.678,-13.245,-207.092
-0.453,3.097,0.996,-67.261,-14.648,-259.155
-0.520,2.813,1.108,-63.416,-7.019,-314.209
-0.605,2.438,1.142,-48.035,6.042,-365.417
-0.677,2.027,1.099,-29.846,22.278,-406.006
-0.737,1.638,1.006,-17.212,37.292,-431.458
-0.824,1.265,0.860,-15.564,53.101,-443.787
-0.909,0.903,0.721,-24.353,65.002,-456.421
-0.982,0.478,0.584,-41.260,69.580,-470.886
-0.945,-0.004,0.501,-67.566,65.002,-483.826
-0.906,-0.507,0.528,-84.534,49.255,-491.028
-0.821,-0.956,0.605,-85.815,34.973,-481.201
-0.714,-1.254,0.636,-77.698,31.372,-448.975
-0.576,-1.418,0.606,-61.707,39.246,-399.963
-0.453,-1.428,0.557,-45.593,49.133,-346.436
-0.348,-1.331,0.521,-29.297,49.072,-298.218
-0.277,-1.250,0.542,-20.874,40.833,-264.465
-0.196,-1.329,0.604,-28.687,35.217,-249.023
-0.148,-1.521,0.670,-43.457,36.743,-243.469
-0.096,-1.685,0.664,-51.636,43.335,-230.713
-0.020,-1.803,0.590,-47.363,48.950,-204.468
0.060,-1.854,0.502,-37.842,48.462,-171.204
0.119,-1.834,0.443,-29.602,42.358,-137.085
0.169,-1.773,0.411,-17.517,35.461,-106.140
0.214,-1.708,0.354,-2.014,31.189,-80.566
0.240,-1.663,0.243,14.526,31.616,-60.364
0.249,-1.616,0.120,26.367,33.752,-41.504
0.263,-1.562,0.018,34.729,32.410,-21.423
0.267,-1.507,-0.028,34.790,26.123,-1.221
0.287,-1.447,-0.031,28.809,18.860,19.531
0.295,-1.382,-0.021,23.499,13.428,40.894
0.293,-1.324,-0.030,20.325,11.108,59.875
0.301,-1.287,-0.065,19.165,10.010,76.538
0.298,-1.251,-0.095,19.409,7.141,92.346
0.300,-1.212,-0.097,22.278,1.282,108.398
0.311,-1.169,-0.071,28.137,-6.897,124.512
0.315,-1.120,-0.045,36.133,-14.832,141.113
0.317,-1.044,-0.009,46.570,-21.912,157.166
0.242,-0.936,0.029,53.833,-31.982,172.302
0.322,-0.766,0.180,59.753,-46.814,189.575
0.361,-0.563,0.322,63.354,-56.702,206.726
0.326,-0.315,0.538,66.589,-64.880,222.961
0.419,-0.117,0.650,62.378,-55.969,230.896
0.384,0.021,0.602,47.485,-37.354,234.009
0.388,0.125,0.491,44.495,-28.442,234.375
0.405,0.185,0.403,48.401,-34.058,230.225
0.368,0.178,0.420,48.462,-49.805,220.825
0.360,0.102,0.532,43.884,-64.697,205.994
0.341,0.013,0.674,38.757,-69.336,197.021
0.312,-0.029,0.801,36.011,-62.073,203.857
0.284,0.056,0.836,35.339,-43.152,224.426
0.243,0.336,0.782,39.856,-21.667,252.014
0.330,0.747,0.765,47.302,-12.329,279.724
0.300,1.119,0.895,49.988,-14.465,296.509
0.380,1.553,0.914,54.077,-11.475,301.636
0.378,1.889,0.754,65.063,-6.287,282.776
0.396,1.916,0.686,56.458,-12.268,223.145
0.392,1.529,0.623,38.086,-10.498,140.747
0.373,0.979,0.537,26.062,-0.854,75.195
0.333,0.494,0.457,26.794,4.456,48.584
0.325,0.193,0.426,29.663,4.700,58.289
0.290,0.120,0.453,28.625,0.244,97.351
0.207,0.293,0.506,28.687,-2.197,155.579
0.318,0.673,0.519,21.179,-5.432,213.867
0.237,1.361,0.637,38.391,-18.860,249.634
0.314,1.609,0.663,16.174,-21.729,241.272
0.319,1.779,0.608,-12.634,-14.282,237.427
0.296,1.971,0.571,4.211,-18.127,221.558
0.274,1.915,0.653,1.892,-22.461,181.152
0.345,1.637,0.700,-0.916,-10.498,129.700
0.322,1.366,0.482,-6.897,16.052,92.529
0.262,1.304,0.304,-5.371,21.240,82.947
0.299,1.302,0.391,0.000,6.470,91.980
0.310,1.510,0.416,-0.427,2.869,109.741
0.336,1.757,0.437,0.854,-3.967,112.671
0.339,1.872,0.532,2.930,-15.198,94.421
0.352,1.889,0.641,4.395,-19.531,65.979
0.354,1.763,0.669,8.911,-13.733,33.569
0.330,1.547,0.600,14.526,-2.075,5.310
0.310,1.337,0.488,23.621,8.972,-13.489
0.308,1.154,0.378,30.151,13.184,-23.682
0.305,1.017,0.327,30.457,7.996,-25.940
0.297,0.938,0.365,24.780,-2.930,-23.193
0.314,0.896,0.432,18.494,-12.207,-19.165
0.325,0.879,0.498,11.841,-17.456,-14.832
0.341,0.882,0.554,6.653,-19.775,-10.193
0.352,0.889,0.586,3.296,-19.836,-6.775
0.359,0.887,0.605,0.854,-18.738,-5.676
0.364,0.891,0.622,-1.038,-16.907,-5.981
0.362,0.887,0.629,0.122,-13.672,-7.080
0.360,0.867,0.614,2.197,-8.972,-10.803
0.359,0.822,0.580,3.479,-4.578,-16.113

0.204,2.443,0.538,-21.118,-45.166,13.550
0.151,2.758,0.684,-28.931,-51.819,0.732
0.120,2.980,0.841,-27.893,-56.152,-27.039
0.026,3.148,1.015,-22.705,-53.162,-68.420
-0.047,3.265,1.123,-18.066,-37.048,-111.938
-0.138,3.343,1.160,-6.714,-13.672,-157.593
-0.241,3.319,1.120,5.371,9.583,-207.397
-0.358,3.089,1.028,11.230,29.602,-264.709
-0.455,2.640,0.978,2.869,44.250,-327.942
-0.492,2.157,0.781,-9.705,54.077,-381.775
-0.537,1.710,0.781,-17.090,38.757,-416.382
-0.550,1.349,1.036,-27.893,13.916,-428.406
-0.541,1.053,1.258,-31.250,14.282,-427.490
-0.533,0.795,1.301,-22.156,37.476,-422.668
-0.548,0.549,1.160,-8.240,66.345,-416.565
-0.639,0.287,0.943,-1.587,88.867,-411.621
-0.633,-0.041,0.710,-12.878,104.980,-408.508
-0.573,-0.426,0.575,-43.762,106.567,-410.583
-0.505,-0.797,0.619,-76.416,90.149,-407.043
-0.387,-1.079,0.719,-94.421,69.092,-385.132
-0.279,-1.192,0.817,-98.267,59.082,-342.834
-0.163,-1.129,0.844,-94.849,64.148,-287.781
-0.099,-0.995,0.745,-84.045,75.562,-239.502
-0.060,-0.915,0.593,-75.562,85.022,-212.708
-0.030,-0.969,0.432,-67.871,87.280,-207.336
-0.011,-1.117,0.319,-56.824,82.642,-210.022
0.000,-1.298,0.259,-42.725,72.144,-206.848
0.025,-1.456,0.219,-28.137,61.523,-194.580
0.053,-1.554,0.200,-15.747,52.917,-175.537
0.078,-1.594,0.190,-3.662,45.898,-151.733
0.103,-1.584,0.183,4.028,40.771,-125.488
0.121,-1.591,0.163,5.676,38.635,-102.539
0.138,-1.650,0.123,0.854,39.185,-86.609
0.159,-1.730,0.071,-3.357,40.405,-72.937
0.175,-1.783,0.016,-5.371,40.100,-53.467
0.197,-1.792,-0.037,-4.517,36.987,-27.832
0.208,-1.741,-0.092,-1.282,31.067,0.122
0.227,-1.634,-0.143,2.563,24.719,29.541
0.240,-1.493,-0.176,6.348,16.357,56.763
0.252,-1.355,-0.169,8.972,7.080,78.735
0.269,-1.249,-0.141,11.353,-2.197,94.482
0.283,-1.181,-0.099,15.076,-10.620,105.347
0.281,-1.144,-0.060,20.325,-17.395,114.197
0.274,-1.114,-0.045,26.062,-20.935,123.901
0.280,-1.077,-0.034,30.151,-23.926,135.803
0.270,-1.018,-0.010,33.142,-28.625,149.658
0.265,-0.945,-0.005,35.767,-35.828,164.734
0.282,-0.829,0.091,36.743,-50.354,180.786
0.331,-0.735,0.224,40.039,-63.110,195.374
0.231,-0.523,0.399,47.607,-72.388,206.726
0.318,-0.483,0.526,54.382,-69.946,210.510
0.311,-0.475,0.419,46.875,-50.354,218.079
0.261,-0.374,0.339,47.119,-47.241,234.680
0.272,-0.172,0.358,50.171,-63.049,255.859
0.249,0.092,0.497,47.852,-87.463,273.987
0.246,0.328,0.659,42.603,-109.314,281.494
0.241,0.471,0.781,30.334,-114.258,272.461
0.226,0.477,0.870,11.719,-99.365,246.643
0.218,0.340,0.887,5.859,-70.923,216.675
0.200,0.199,0.791,12.268,-37.964,201.233
0.179,0.132,0.645,26.489,-15.259,204.102
0.176,0.244,0.542,40.222,-8.728,221.802
0.172,0.373,0.660,48.645,-15.198,249.756
0.211,0.902,0.701,55.176,-25.818,288.269
0.194,1.460,0.804,62.378,-48.340,306.091
0.297,1.773,0.991,50.964,-71.838,286.011
0.341,1.760,1.133,36.621,-67.383,233.582
0.339,1.468,1.086,20.020,-37.537,167.969
0.306,1.015,0.886,18.860,-3.540,113.892
0.267,0.595,0.699,22.095,17.822,86.121
0.271,0.377,0.614,21.973,23.804,92.590
0.239,0.440,0.538,28.625,17.151,137.451
0.289,0.985,0.541,37.964,0.793,204.651
0.240,1.612,0.648,57.556,-25.696,243.042
0.294,1.770,0.869,18.677,-47.852,226.562
0.297,1.766,1.009,-12.085,-42.358,202.759
0.303,1.751,0.975,4.150,-21.973,181.824
0.258,1.633,0.856,17.395,1.038,155.579
0.220,1.500,0.719,21.057,26.489,125.183
0.231,1.385,0.513,20.813,49.011,102.417
0.236,1.369,0.374,17.944,54.688,97.046
0.237,1.474,0.377,22.156,41.138,104.126
0.265,1.613,0.424,25.940,21.912,107.239
0.270,1.712,0.445,24.963,4.211,97.351
0.255,1.787,0.481,18.494,-11.353,77.698
0.277,1.732,0.570,14.526,-22.949,50.964
0.298,1.618,0.655,2.686,-25.696,26.917
0.295,1.495,0.673,7.385,-20.447,10.498
0.278,1.368,0.651,15.381,-10.559,-1.526
0.269,1.231,0.571,26.001,1.953,-11.658
0.266,1.102,0.476,32.837,12.085,-19.043
0.260,1.011,0.393,30.518,14.709,-22.583
0.269,0.977,0.384,28.870,6.470,-22.949
0.283,0.942,0.453,25.269,-5.249,-24.536
0.292,0.882,0.507,17.944,-12.085,-27.161
0.302,0.827,0.559,8.972,-17.456,-28.320
0.314,0.782,0.624,3.723,-23.437,-26.489
0.323,0.756,0.682,0.549,-26.733,-22.461
0.325,0.736,0.713,-0.916,-25.269,-19.287
0.325,0.711,0.708,-1.709,-18.982,-18.433

0.223,1.995,0.781,-9.949,-27.466,25.513
0.195,2.334,0.792,-15.198,-20.569,23.071
0.165,2.655,0.815,-23.865,-16.174,13.000
0.145,2.943,0.869,-34.485,-13.855,-8.301
0.076,3.129,0.950,-40.771,-12.085,-43.030
0.023,3.161,1.003,-38.513,-8.240,-93.018
-0.071,3.065,1.054,-40.771,0.305,-148.743
-0.119,2.895,1.106,-41.687,13.611,-200.989
-0.156,2.728,1.007,-31.738,30.151,-245.239
-0.237,2.523,0.934,-18.188,33.936,-283.203
-0.291,2.231,1.021,-16.602,27.161,-321.350
-0.362,1.849,1.160,-21.057,25.818,-358.337
-0.387,1.417,1.273,-22.705,33.081,-388.062
-0.422,1.032,1.320,-18.677,48.096,-406.860
-0.460,0.680,1.283,-9.705,63.965,-415.161
-0.490,0.326,1.179,-2.380,79.102,-416.748
-0.513,-0.010,1.032,-7.629,95.886,-412.842
-0.512,-0.312,0.860,-23.987,111.450,-401.672
-0.492,-0.579,0.680,-44.373,122.498,-384.888
-0.422,-0.809,0.529,-77.026,124.512,-365.112
-0.361,-0.993,0.453,-103.394,117.432,-341.980
-0.284,-1.098,0.438,-113.770,105.347,-311.707
-0.207,-1.127,0.427,-112.854,93.872,-274.353
-0.123,-1.110,0.422,-104.248,85.266,-239.441
-0.087,-1.088,0.379,-88.928,79.041,-214.417
-0.033,-1.066,0.342,-72.144,72.510,-196.716
0.016,-1.071,0.340,-51.758,61.340,-185.486
0.044,-1.121,0.358,-32.104,49.438,-178.406
0.070,-1.185,0.368,-19.714,42.297,-170.654
0.088,-1.271,0.352,-11.841,39.734,-161.011
0.116,-1.355,0.317,-9.155,39.490,-149.048
0.141,-1.407,0.265,-7.019,39.490,-132.507
0.175,-1.430,0.199,-2.991,39.001,-111.145
0.201,-1.431,0.154,-6.165,36.438,-88.501
0.218,-1.453,0.132,-14.099,33.142,-67.810
0.235,-1.485,0.102,-19.775,31.189,-49.255
0.250,-1.508,0.058,-18.738,31.372,-30.334
0.264,-1.500,-0.031,-11.414,32.837,-9.888
0.266,-1.465,-0.144,1.282,32.410,11.597
0.286,-1.389,-0.247,11.414,26.672,34.180
0.307,-1.305,-0.300,16.724,15.320,55.725
0.325,-1.221,-0.280,16.541,0.183,74.951
0.337,-1.137,-0.210,14.343,-13.794,92.102
0.353,-1.055,-0.123,13.977,-22.949,107.971
0.374,-0.964,-0.048,14.771,-28.076,121.765
0.402,-0.861,0.014,19.897,-32.104,134.766
0.434,-0.753,0.075,23.804,-35.400,147.827
0.453,-0.647,0.148,27.466,-38.208,158.936
0.477,-0.541,0.225,32.227,-41.016,168.762
0.481,-0.445,0.317,35.706,-43.274,177.124
0.490,-0.350,0.383,33.203,-42.053,183.838
0.482,-0.259,0.413,32.837,-38.696,187.622
0.471,-0.167,0.419,30.640,-35.461,190.918
0.467,-0.094,0.420,25.391,-35.156,193.420
0.462,-0.035,0.440,18.250,-37.842,194.153
0.434,0.026,0.450,14.038,-39.795,195.862
0.429,0.104,0.476,12.756,-41.626,199.768
0.437,0.186,0.540,10.681,-46.387,202.942
0.421,0.263,0.628,12.573,-51.392,203.979
0.419,0.344,0.692,23.560,-53.162,203.552
0.422,0.421,0.727,34.790,-51.392,202.454
0.401,0.454,0.740,42.969,-46.509,196.716
0.372,0.394,0.748,48.096,-39.124,184.937
0.323,0.236,0.732,48.767,-28.381,171.509
0.313,0.094,0.672,47.058,-16.235,170.471
0.270,0.182,0.499,52.124,-8.240,188.354
0.251,0.375,0.522,44.067,-19.714,207.825
0.257,0.607,0.656,36.926,-34.851,225.952
0.240,0.881,0.781,30.945,-36.987,242.920
0.256,1.138,0.853,25.696,-30.334,249.390
0.278,1.324,0.866,30.518,-21.912,237.488
0.277,1.345,0.851,33.691,-13.062,211.975
0.263,1.202,0.794,31.799,-1.770,181.702
0.249,1.085,0.684,31.921,9.827,163.025
0.123,1.275,0.545,38.452,14.771,172.424
0.321,1.438,0.503,67.200,4.211,182.312
0.286,1.563,0.463,21.057,0.183,185.547
0.308,1.778,0.516,21.729,-12.817,196.289
0.309,1.977,0.629,21.423,-25.635,199.219
0.385,1.985,0.794,17.273,-29.602,181.580
0.338,1.904,0.767,17.639,-13.489,149.231
0.335,1.773,0.560,20.508,2.747,107.239
0.329,1.499,0.550,23.560,6.714,65.552
0.324,1.347,0.489,28.748,12.878,43.762
0.330,1.339,0.438,33.508,12.512,41.382
0.338,1.416,0.434,35.461,4.272,47.485
0.326,1.500,0.523,30.090,-6.348,49.561
0.342,1.595,0.620,24.292,-13.000,43.213
0.356,1.539,0.641,23.987,-12.085,25.452
0.356,1.350,0.610,5.920,-4.089,5.798
0.311,1.232,0.565,4.333,2.014,-1.648
0.312,1.142,0.581,5.737,5.798,-4.211
0.369,1.067,0.569,5.737,11.108,-3.601
0.356,1.037,0.497,4.395,15.503,-1.465
0.336,1.042,0.526,9.827,7.935,-0.854
0.344,1.014,0.596,12.268,2.625,-5.432
0.348,0.933,0.593,8.789,6.348,-14.221
0.343,0.852,0.556,6.653,10.193,-19.897
0.340,0.793,0.529,5.737,10.193,-20.813
0.339,0.757,0.505,4.333,7.874,-19.531

0.244,2.176,0.618,-7.507,-34.973,11.108
0.209,2.325,0.635,-9.277,-36.560,-10.986
0.156,2.421,0.630,-9.277,-34.302,-39.978
0.145,2.485,0.654,-10.803,-32.532,-71.167
0.125,2.524,0.705,-12.512,-34.119,-101.440
0.097,2.576,0.767,-12.451,-34.668,-127.625
0.065,2.553,0.857,-11.414,-32.959,-156.128
0.024,2.456,0.945,-17.578,-25.879,-191.650
0.007,2.300,1.015,-24.292,-12.756,-227.051
-0.044,2.145,1.076,-35.583,3.235,-254.089
-0.088,1.983,1.088,-40.161,22.461,-274.292
-0.101,1.817,1.082,-38.818,40.771,-291.687
-0.135,1.704,1.089,-40.833,53.955,-305.481
-0.183,1.606,1.042,-32.288,62.561,-317.749
-0.270,1.486,0.989,-18.066,64.148,-332.642
-0.349,1.274,0.887,-14.343,60.242,-351.440
-0.414,0.998,0.835,-29.724,53.162,-372.192
-0.481,0.701,0.844,-50.293,45.715,-388.733
-0.564,0.362,0.841,-53.040,44.556,-396.729
-0.570,0.064,0.800,-62.134,50.171,-397.339
-0.570,-0.249,0.745,-65.613,52.979,-394.348
-0.590,-0.535,0.724,-71.106,54.138,-385.742
-0.564,-0.819,0.690,-75.562,57.068,-373.108
-0.493,-1.097,0.637,-72.327,60.974,-357.971
-0.427,-1.345,0.581,-67.566,63.171,-338.318
-0.358,-1.537,0.501,-56.152,64.697,-312.195
-0.308,-1.691,0.406,-38.635,63.171,-280.579
-0.227,-1.804,0.323,-23.071,57.434,-248.352
-0.148,-1.902,0.250,-10.315,49.622,-217.468
-0.079,-1.967,0.225,-4.089,40.039,-186.218
-0.016,-2.016,0.247,-0.732,29.053,-154.663
0.032,-2.054,0.301,-2.808,21.362,-122.864
0.059,-2.082,0.328,-4.578,20.264,-92.712
0.083,-2.085,0.293,-3.967,26.367,-62.378
0.091,-2.056,0.219,-0.977,31.921,-31.616
0.084,-2.000,0.143,3.113,32.776,-0.916
0.087,-1.923,0.082,5.188,29.480,28.503
0.088,-1.823,0.054,5.798,22.705,56.702
0.108,-1.677,0.070,4.333,14.038,84.900
0.123,-1.500,0.097,3.357,6.653,111.816
0.139,-1.331,0.109,5.188,2.136,134.277
0.169,-1.195,0.099,8.362,-0.244,150.574
0.206,-1.083,0.105,15.564,-3.662,162.903
0.213,-0.993,0.140,23.865,-9.155,174.744
0.246,-0.900,0.183,30.029,-15.137,187.622
0.253,-0.785,0.228,34.363,-19.104,202.515
0.260,-0.625,0.262,37.720,-20.569,220.520
0.273,-0.432,0.312,39.917,-22.583,238.586
0.276,-0.192,0.407,37.903,-25.085,253.540
0.294,0.049,0.509,38.818,-28.381,264.648
0.290,0.289,0.564,37.170,-29.541,269.958
0.321,0.492,0.496,32.776,-23.254,266.418
0.305,0.637,0.399,27.527,-17.944,252.014
0.388,0.656,0.385,19.836,-22.461,227.356
0.342,0.607,0.504,13.062,-35.339,197.876
0.416,0.392,0.633,12.146,-42.053,171.936
0.385,0.197,0.633,6.042,-33.081,162.781
0.364,0.166,0.602,14.709,-25.330,175.781
0.357,0.294,0.567,24.536,-22.156,200.378
0.341,0.483,0.619,32.104,-26.245,217.041
0.351,0.629,0.697,37.964,-27.954,218.323
0.335,0.773,0.736,43.945,-22.339,216.003
0.337,0.918,0.696,55.176,-11.414,214.355
0.327,0.972,0.664,59.326,2.747,208.496
0.354,1.052,0.513,53.955,16.235,201.416
0.322,1.149,0.341,63.782,11.414,189.819
0.331,1.101,0.423,49.683,-17.273,161.682
0.337,0.885,0.628,29.785,-38.269,136.292
0.332,0.734,0.737,19.409,-36.438,134.827
0.312,0.743,0.751,19.653,-22.339,150.818
0.338,0.901,0.690,20.142,-6.287,172.180
0.200,1.332,0.572,14.282,2.075,199.158
0.400,1.570,0.578,48.706,-8.362,201.843
0.337,1.627,0.505,2.075,-8.118,186.035
0.323,1.693,0.595,12.878,-23.743,178.528
0.349,1.745,0.601,25.513,-38.025,166.016
0.344,1.597,0.704,26.367,-41.016,140.015
0.323,1.429,0.716,26.611,-24.841,116.455
0.314,1.336,0.549,29.602,0.427,98.999
0.293,1.308,0.415,22.705,13.611,89.355
0.303,1.380,0.438,14.160,15.015,91.614
0.324,1.550,0.443,5.798,17.151,97.778
0.339,1.719,0.422,0.000,14.160,95.337
0.354,1.805,0.468,-9.094,0.610,81.543
0.356,1.802,0.628,-16.907,-13.855,61.157
0.366,1.712,0.708,-16.052,-15.930,38.391
0.345,1.569,0.673,-10.620,-6.287,16.724
0.333,1.422,0.593,2.075,3.052,-1.221
0.322,1.275,0.511,19.531,7.751,-15.808
0.311,1.135,0.472,30.090,7.141,-28.320
0.309,0.996,0.478,34.363,3.052,-37.292
0.314,0.875,0.520,33.691,-1.221,-41.870
0.320,0.773,0.569,30.212,-4.150,-42.114
0.324,0.694,0.602,24.902,-4.456,-37.842
0.327,0.644,0.616,17.639,-3.357,-30.640
0.331,0.628,0.627,11.536,-2.502,-21.484
0.336,0.637,0.646,7.202,-1.221,-13.123
0.341,0.672,0.674,3.479,0.244,-7.507
0.350,0.710,0.684,1.526,3.357,-4.333
0.353,0.725,0.646,0.793,9.155,-4.578

0.195,2.192,0.385,-2.686,-40.649,-5.859
0.152,2.300,0.416,-9.460,-47.485,-34.058
0.129,2.357,0.434,-21.057,-50.293,-66.467
0.123,2.408,0.466,-30.762,-49.927,-93.628
0.115,2.454,0.538,-39.185,-51.392,-114.319
0.099,2.486,0.633,-45.532,-52.307,-133.179
0.062,2.509,0.699,-43.945,-48.706,-153.137
0.032,2.530,0.735,-33.875,-40.955,-176.331
0.016,2.528,0.788,-21.606,-34.546,-201.904
-0.034,2.448,0.895,-9.583,-30.945,-231.628
-0.090,2.236,1.004,5.920,-25.330,-267.578
-0.146,1.931,1.116,16.907,-15.869,-302.734
-0.202,1.628,1.229,23.743,-1.831,-326.660
-0.222,1.429,1.292,25.696,19.775,-335.388
-0.166,1.297,1.066,33.386,48.584,-340.698
-0.247,1.060,0.868,33.325,55.359,-352.051
-0.275,0.857,1.012,11.353,36.255,-358.154
-0.279,0.645,1.180,-3.113,32.166,-361.511
-0.296,0.399,1.253,-19.897,50.232,-367.432
-0.336,0.159,1.146,-38.574,75.439,-367.432
-0.382,-0.062,0.951,-46.204,92.163,-359.619
-0.359,-0.211,0.811,-62.073,98.022,-348.694
-0.332,-0.349,0.713,-68.298,92.041,-338.623
-0.296,-0.476,0.680,-66.528,79.102,-328.552
-0.286,-0.586,0.685,-65.430,64.758,-317.139
-0.257,-0.716,0.713,-59.082,53.711,-304.504
-0.232,-0.876,0.743,-56.030,51.025,-293.396
-0.233,-1.070,0.714,-52.795,55.969,-284.424
-0.207,-1.274,0.622,-52.551,66.040,-272.156
-0.148,-1.438,0.520,-55.115,73.792,-254.639
-0.089,-1.513,0.465,-56.824,71.045,-229.065
-0.035,-1.544,0.455,-47.607,61.279,-196.899
0.006,-1.551,0.459,-41.748,54.443,-166.138
0.040,-1.578,0.430,-35.095,53.162,-142.883
0.051,-1.637,0.352,-22.583,54.810,-125.732
0.063,-1.695,0.244,-11.536,58.105,-107.910
0.066,-1.750,0.110,0.488,59.814,-88.623
0.075,-1.787,-0.026,9.399,59.082,-68.237
0.083,-1.801,-0.147,15.442,51.819,-45.410
0.096,-1.813,-0.200,17.883,37.170,-20.752
0.115,-1.825,-0.153,16.296,17.029,2.808
0.115,-1.800,-0.049,16.418,0.000,28.992
0.117,-1.716,0.023,17.273,-6.897,58.289
0.130,-1.573,0.067,16.113,-7.935,86.121
0.147,-1.420,0.133,14.038,-10.498,110.596
0.147,-1.307,0.233,12.146,-13.916,128.113
0.141,-1.265,0.299,13.367,-14.832,138.367
0.150,-1.256,0.249,19.226,-12.634,146.729
0.119,-1.241,0.209,23.376,-14.893,159.729
0.132,-1.184,0.133,23.254,-15.686,176.453
0.075,-0.967,0.122,25.940,-21.057,194.031
0.150,-0.907,0.309,30.579,-35.889,202.393
0.159,-0.882,0.419,25.574,-42.419,214.844
0.149,-0.758,0.493,31.982,-47.424,238.098
0.161,-0.534,0.513,37.598,-51.819,263.733
0.158,-0.272,0.552,39.307,-57.312,281.250
0.145,-0.016,0.605,40.344,-62.134,287.659
0.134,0.157,0.643,41.443,-59.387,282.654
0.181,0.204,0.712,34.973,-48.950,266.052
0.198,0.187,0.737,25.391,-36.011,247.681
0.200,0.243,0.736,24.414,-26.367,244.995
0.191,0.440,0.745,23.987,-20.996,260.498
0.201,0.692,0.783,20.142,-16.724,278.748
0.219,0.949,0.837,12.695,-10.803,285.767
0.219,1.129,0.866,11.353,-2.319,276.855
0.281,1.162,0.833,14.404,7.141,251.648
0.262,0.948,0.815,20.508,18.188,217.468
0.254,0.851,0.618,31.799,30.396,201.538
0.213,0.921,0.416,55.481,26.367,203.552
0.208,0.991,0.459,60.852,2.869,202.087
0.241,1.091,0.596,54.138,-12.024,204.041
0.257,1.356,0.688,48.218,-12.939,217.651
0.308,1.722,0.719,44.067,-8.850,229.492
0.305,2.024,0.722,38.574,-5.798,224.487
0.417,2.220,0.653,19.836,-2.319,201.111
0.398,2.126,0.644,41.321,-8.911,148.499
0.449,1.447,0.613,-5.920,1.465,79.651
0.351,0.991,0.449,-4.822,17.395,61.646
0.322,0.899,0.303,26.245,18.799,75.989
0.360,0.900,0.250,34.607,15.198,95.093
0.342,1.095,0.299,29.297,7.568,125.977
0.357,1.438,0.404,28.259,-1.404,159.363
0.397,1.838,0.477,22.400,-4.700,175.232
0.391,2.110,0.553,14.465,-8.362,164.917
0.425,2.208,0.580,8.301,-6.409,131.470
0.426,2.146,0.511,4.822,1.587,80.505
0.417,1.885,0.416,5.493,6.897,23.193
0.400,1.516,0.379,7.202,6.531,-20.203
0.394,1.248,0.378,11.475,3.540,-37.292
0.443,1.084,0.362,22.461,-0.183,-34.363
0.409,0.980,0.458,22.400,-3.296,-23.865
0.427,0.968,0.404,17.151,1.160,-10.864
0.399,0.946,0.400,14.038,-3.357,-1.099
0.417,0.969,0.449,9.338,-11.353,6.287
0.400,0.999,0.546,4.089,-15.137,7.446
0.417,0.976,0.600,-0.183,-12.451,1.587
0.407,0.927,0.593,-2.258,-6.287,-5.127
0.397,0.868,0.582,-0.671,-1.953,-11.475
0.396,0.781,0.557,1.160,1.953,-17.395
0.390,0.690,0.521,0.671,4.456,-20.386

0.357,2.153,0.475,15.564,-28.320,-15.137
0.356,2.397,0.540,18.494,-33.325,-28.015
0.337,2.570,0.624,19.592,-38.574,-49.438
0.313,2.676,0.686,20.325,-38.574,-78.003
0.278,2.789,0.741,17.151,-31.372,-105.530
0.229,2.927,0.796,12.085,-22.827,-129.761
0.159,2.993,0.822,16.296,-17.212,-160.645
0.073,2.945,0.821,13.123,-10.864,-201.172
-0.028,2.737,0.816,4.883,-2.625,-247.192
-0.123,2.419,0.859,-1.892,2.441,-290.039
-0.203,2.067,0.950,-8.057,4.883,-322.876
-0.289,1.735,1.074,-16.052,8.240,-343.445
-0.352,1.444,1.143,-21.729,16.052,-354.980
-0.438,1.138,1.130,-26.978,25.330,-365.845
-0.502,0.796,1.095,-35.339,28.137,-376.282
-0.530,0.419,1.078,-42.358,24.780,-384.155
-0.542,0.037,1.115,-51.453,21.179,-387.024
-0.510,-0.293,1.153,-61.951,26.978,-379.456
-0.483,-0.503,1.095,-66.467,42.480,-359.863
-0.458,-0.604,0.932,-69.580,60.486,-331.421
-0.436,-0.680,0.783,-73.364,70.129,-307.495
-0.416,-0.818,0.758,-73.792,66.223,-293.091
-0.383,-1.005,0.772,-67.200,58.228,-282.288
-0.329,-1.165,0.731,-50.476,55.054,-268.738
-0.276,-1.284,0.625,-29.907,56.580,-250.671
-0.210,-1.389,0.533,-14.648,56.641,-230.774
-0.156,-1.491,0.496,-4.700,53.101,-210.815
-0.119,-1.561,0.448,1.221,50.537,-189.819
-0.080,-1.608,0.347,0.977,52.673,-167.480
-0.031,-1.679,0.291,-7.080,53.833,-147.461
0.002,-1.737,0.307,-15.320,48.889,-127.625
0.031,-1.756,0.317,-15.625,45.105,-104.675
0.062,-1.756,0.244,-10.376,46.509,-81.543
0.089,-1.746,0.143,-6.042,49.133,-60.486
0.113,-1.716,0.059,-4.028,47.485,-40.039
0.144,-1.681,0.004,-2.075,39.856,-19.653
0.161,-1.660,-0.012,-0.549,29.846,-0.793
0.171,-1.658,-0.023,1.099,21.790,17.212
0.176,-1.659,-0.046,1.526,16.174,35.889
0.194,-1.613,-0.062,-0.488,11.536,57.800
0.208,-1.532,-0.025,-3.235,5.249,82.642
0.246,-1.427,0.086,-8.240,-2.075,105.835
0.262,-1.281,0.213,-10.010,-5.371,128.174
0.295,-1.083,0.288,-7.751,-3.784,147.888
0.316,-0.913,0.242,0.122,-0.916,160.889
0.314,-0.797,0.123,8.484,-0.366,168.701
0.359,-0.712,0.044,15.137,-7.751,174.744
0.301,-0.644,0.121,17.700,-25.635,181.458
0.373,-0.576,0.309,12.573,-42.114,190.735
0.303,-0.433,0.510,10.498,-51.270,202.820
0.349,-0.261,0.599,15.320,-49.255,217.346
0.358,-0.058,0.572,13.489,-36.987,225.952
0.389,0.115,0.639,14.221,-35.217,229.431
0.390,0.293,0.725,19.165,-36.438,234.070
0.387,0.473,0.781,19.043,-32.043,237.305
0.406,0.543,0.818,18.188,-25.696,231.689
0.397,0.528,0.798,15.015,-13.306,220.093
0.369,0.536,0.680,17.212,1.099,214.661
0.364,0.595,0.580,21.973,8.423,216.980
0.366,0.681,0.584,23.621,6.897,218.323
0.375,0.805,0.653,26.245,2.991,219.360
0.385,0.950,0.706,28.748,1.587,219.971
0.385,1.020,0.684,29.785,5.005,213.867
0.396,0.986,0.622,26.917,12.939,200.684
0.424,1.021,0.580,24.048,16.296,192.810
0.376,1.141,0.550,25.024,16.785,190.735
0.397,1.157,0.543,25.940,14.282,178.955
0.390,1.066,0.548,29.602,10.376,162.659
0.380,0.980,0.516,35.950,10.010,152.283
0.396,0.962,0.458,43.396,11.047,148.743
0.504,0.965,0.394,46.692,10.071,150.818
0.314,1.212,0.476,47.119,3.784,155.884
0.451,1.205,0.492,46.814,-1.709,147.034
0.393,1.260,0.489,30.457,-1.953,136.353
0.401,1.468,0.497,35.156,-7.141,136.597
0.433,1.488,0.530,36.438,-8.911,121.643
0.436,1.295,0.596,29.663,-8.423,95.032
0.421,1.155,0.554,29.602,-2.136,80.139
0.411,1.149,0.459,32.288,4.028,79.590
0.408,1.161,0.392,30.151,3.540,79.590
0.422,1.176,0.387,24.902,-0.549,77.942
0.440,1.264,0.391,20.752,-2.869,78.308
0.467,1.398,0.413,18.677,-5.188,77.454
0.482,1.476,0.473,16.602,-8.667,68.909
0.496,1.469,0.536,16.052,-10.498,54.260
0.493,1.406,0.532,20.020,-7.202,38.574
0.483,1.315,0.483,24.902,-3.418,25.024
0.478,1.237,0.451,26.489,-3.174,15.808
0.470,1.162,0.477,24.170,-6.653,9.705
0.464,1.092,0.532,20.752,-9.705,5.432
0.468,1.049,0.562,17.639,-9.521,3.296
0.467,1.045,0.555,14.771,-7.324,3.052
0.467,1.033,0.572,11.047,-6.470,2.441
0.478,1.001,0.622,7.202,-6.470,0.183
0.480,0.977,0.642,4.089,-4.639,-1.282
0.470,0.962,0.623,2.258,-0.977,-2.319
0.463,0.937,0.593,1.648,1.709,-4.578
0.456,0.900,0.573,2.441,1.770,-7.874
0.447,0.852,0.566,4.028,0.671,-10.498
0.445,0.813,0.580,4.272,-0.427,-12.512

0.429,2.320,0.622,-7.812,-22.400,8.118
0.437,2.672,0.754,-10.071,-29.968,1.770
0.395,2.969,0.906,-8.118,-28.442,-18.066
0.380,3.197,0.953,-7.751,-15.808,-50.110
0.313,3.296,0.940,-8.667,-0.305,-93.689
0.238,3.229,0.932,-13.794,11.414,-146.912
0.154,3.016,0.915,-19.409,18.616,-201.111
0.079,2.735,0.914,-21.851,23.499,-245.789
-0.004,2.459,0.936,-20.142,26.733,-279.480
-0.062,2.242,0.983,-18.005,30.090,-302.307
-0.146,2.047,1.020,-16.724,33.569,-319.397
-0.263,1.765,1.003,-15.686,38.574,-340.942
-0.377,1.355,0.948,-18.433,42.786,-368.469
-0.481,0.915,0.910,-29.541,43.640,-391.785
-0.528,0.484,0.944,-44.556,39.734,-404.541
-0.569,0.081,1.055,-60.120,35.522,-402.588
-0.565,-0.262,1.131,-76.294,43.640,-389.832
-0.561,-0.509,1.116,-83.801,59.021,-371.338
-0.555,-0.689,0.994,-83.618,72.815,-348.083
-0.532,-0.852,0.836,-81.421,81.482,-327.576
-0.480,-1.069,0.718,-79.773,81.116,-314.026
-0.413,-1.261,0.666,-74.585,74.646,-298.279
-0.342,-1.364,0.603,-55.725,68.237,-274.963
-0.305,-1.444,0.493,-33.936,64.575,-249.878
-0.251,-1.542,0.385,-19.104,62.927,-229.736
-0.201,-1.632,0.364,-11.108,56.641,-209.717
-0.161,-1.686,0.416,-8.728,46.021,-184.692
-0.120,-1.740,0.446,-10.986,42.114,-159.363
-0.076,-1.803,0.406,-17.639,46.936,-136.963
-0.032,-1.804,0.316,-23.315,54.016,-113.708
0.002,-1.764,0.201,-23.254,57.251,-88.379
0.027,-1.763,0.094,-19.165,55.481,-67.871
0.026,-1.817,-0.003,-14.404,51.208,-51.636
0.027,-1.856,-0.086,-11.169,46.387,-32.593
0.034,-1.828,-0.162,-6.042,38.391,-8.179
0.037,-1.746,-0.198,-0.732,26.428,19.348
0.038,-1.665,-0.191,2.319,13.428,44.556
0.049,-1.603,-0.175,3.601,3.418,65.308
0.054,-1.525,-0.143,3.784,-4.639,86.121
0.063,-1.413,-0.086,3.052,-12.268,108.032
0.082,-1.296,-0.020,2.136,-18.372,127.380
0.089,-1.211,0.062,0.305,-23.315,143.555
0.110,-1.131,0.131,-1.343,-25.269,158.691
0.120,-1.030,0.153,-1.282,-24.963,174.255
0.115,-0.906,0.197,2.136,-26.855,190.491
0.142,-0.783,0.259,5.737,-31.494,205.444
0.103,-0.670,0.397,7.568,-38.635,218.628
0.151,-0.540,0.504,9.827,-40.955,232.666
0.020,-0.384,0.596,15.625,-36.255,242.493
0.038,-0.277,0.546,23.315,-24.719,247.986
0.011,-0.139,0.387,22.400,-9.216,253.784
0.019,0.052,0.411,24.536,-18.677,264.221
0.049,0.197,0.609,28.259,-42.236,275.574
0.079,0.347,0.804,23.254,-55.054,284.302
0.120,0.584,0.930,20.264,-51.636,295.227
0.155,0.915,0.974,19.775,-38.818,306.824
0.224,1.243,0.971,22.949,-21.912,307.068
0.278,1.432,0.913,29.053,-4.944,286.621
0.277,1.441,0.763,38.025,12.939,251.404
0.319,1.327,0.562,47.729,28.015,214.905
0.338,0.965,0.485,54.626,28.625,185.120
0.272,0.922,0.354,59.875,18.066,180.115
0.281,1.082,0.385,77.393,-7.751,188.232
0.302,1.237,0.568,68.420,-30.334,193.176
0.339,1.344,0.761,54.138,-36.072,192.078
0.362,1.466,0.820,37.781,-25.513,189.026
0.449,1.609,0.819,27.954,-12.146,183.838
0.468,1.769,0.700,23.376,-3.113,179.016
0.543,2.021,0.614,40.649,-5.310,166.077
0.534,1.828,0.603,27.405,-13.062,127.869
0.502,1.612,0.601,19.592,-16.479,109.680
0.505,1.532,0.579,38.757,-18.921,103.271
0.478,1.480,0.590,44.312,-12.878,94.055
0.490,1.479,0.537,40.588,1.587,89.294
0.483,1.523,0.454,34.546,11.169,87.341
0.496,1.575,0.469,27.100,10.376,80.750
0.486,1.575,0.515,17.822,7.874,68.054
0.507,1.560,0.475,11.475,9.277,53.528
0.505,1.535,0.394,4.089,7.751,38.940
0.504,1.457,0.482,-0.061,-4.333,28.503
0.501,1.486,0.589,3.357,-10.620,25.208
0.509,1.475,0.555,15.564,-5.188,16.968
0.472,1.389,0.444,19.775,2.502,3.784
0.455,1.263,0.387,27.344,1.221,-8.057
0.446,1.120,0.404,25.635,-4.272,-17.273
0.446,1.018,0.481,21.179,-10.559,-20.081
0.437,0.951,0.555,16.602,-14.709,-19.348
0.447,0.886,0.586,11.230,-12.939,-18.066
0.435,0.829,0.599,6.836,-8.850,-16.907
0.442,0.768,0.585,3.662,-4.333,-15.869
0.427,0.718,0.580,0.000,-1.953,-13.977
0.429,0.695,0.586,-2.380,-0.977,-10.925
0.432,0.701,0.593,-3.662,-0.244,-7.019
0.432,0.716,0.591,-3.784,0.916,-4.333
0.424,0.707,0.569,-4.395,2.747,-4.272
0.428,0.681,0.544,-6.592,4.395,-5.371
0.425,0.660,0.544,-7.996,4.089,-5.920
0.440,0.647,0.543,-6.226,2.869,-6.409
0.428,0.629,0.536,-3.418,0.916,-7.385
0.426,0.578,0.583,-2.625,-1.038,-8.057

0.454,1.870,0.593,4.089,-4.883,16.907
0.474,2.223,0.525,4.944,-3.113,13.184
0.468,2.557,0.551,1.099,-10.559,-1.038
0.473,2.796,0.614,-3.296,-17.944,-24.841
0.454,2.884,0.716,-12.024,-19.287,-59.509
0.419,2.825,0.790,-19.226,-14.160,-102.722
0.370,2.673,0.786,-21.851,-4.639,-145.142
0.331,2.528,0.756,-21.179,2.136,-178.833
0.279,2.415,0.774,-17.761,2.014,-202.576
0.215,2.293,0.851,-15.015,-1.221,-223.694
0.155,2.102,0.947,-12.939,-1.831,-248.718
0.085,1.864,1.021,-11.658,0.854,-275.513
0.027,1.630,1.063,-7.507,7.141,-295.654
-0.027,1.402,1.091,-5.432,15.808,-309.753
-0.102,1.173,1.097,-11.230,26.367,-321.655
-0.127,0.915,1.080,-21.851,39.185,-331.482
-0.165,0.647,1.097,-31.982,50.659,-338.501
-0.177,0.459,1.114,-35.645,59.692,-338.440
-0.206,0.342,1.091,-32.104,65.979,-331.360
-0.260,0.221,1.062,-27.649,68.054,-326.050
-0.309,0.032,1.039,-25.391,70.313,-326.843
-0.375,-0.224,0.976,-25.085,78.247,-331.360
-0.421,-0.505,0.857,-30.151,90.759,-332.520
-0.425,-0.781,0.702,-37.109,102.295,-328.430
-0.421,-1.001,0.556,-44.250,107.483,-314.148
-0.403,-1.162,0.451,-50.720,105.469,-290.527
-0.341,-1.273,0.376,-55.176,98.511,-263.794
-0.305,-1.366,0.297,-56.641,92.407,-238.220
-0.256,-1.425,0.190,-55.115,91.187,-213.806
-0.164,-1.375,0.119,-51.208,86.975,-188.721
-0.096,-1.234,0.096,-40.405,74.768,-162.537
-0.064,-1.129,0.085,-28.076,62.195,-145.508
-0.038,-1.191,0.010,-18.127,54.993,-143.738
-0.031,-1.403,-0.093,-9.338,50.720,-147.888
-0.026,-1.636,-0.139,-2.991,44.739,-145.569
-0.002,-1.803,-0.155,6.287,32.593,-130.066
0.023,-1.855,-0.148,15.503,18.555,-102.661
0.040,-1.838,-0.143,20.935,8.606,-71.777
0.052,-1.831,-0.165,20.264,2.991,-45.288
0.082,-1.845,-0.154,15.381,-2.563,-22.644
0.087,-1.878,-0.103,10.559,-10.925,0.427
0.094,-1.882,-0.077,7.690,-16.296,25.879
0.102,-1.819,-0.055,7.324,-20.203,54.626
0.116,-1.692,-0.001,6.897,-25.940,84.717
0.094,-1.553,0.072,6.165,-31.860,111.633
0.094,-1.449,0.129,7.019,-36.072,131.470
0.087,-1.366,0.189,8.362,-39.734,148.621
0.008,-1.310,0.262,11.292,-43.945,164.551
0.044,-1.241,0.322,12.634,-46.143,181.274
0.032,-1.133,0.315,15.320,-43.091,201.721
0.022,-0.934,0.435,17.944,-46.509,226.379
0.041,-0.683,0.509,20.752,-47.302,248.474
0.016,-0.455,0.573,15.747,-48.401,263.000
-0.002,-0.285,0.658,13.000,-53.040,272.156
-0.016,-0.191,0.747,11.780,-57.251,276.489
0.013,-0.152,0.838,11.963,-58.472,276.306
0.009,-0.111,0.921,18.433,-54.321,277.649
0.074,0.004,0.915,27.588,-41.382,286.987
0.084,0.184,0.890,30.334,-25.574,303.589
0.087,0.602,0.851,26.550,-12.024,331.665
0.123,1.135,0.828,23.010,-5.676,362.854
0.174,1.600,0.829,12.512,-4.883,370.728
0.206,1.857,0.871,-2.991,-4.395,348.022
0.293,1.729,0.887,-22.766,6.287,300.720
0.283,1.428,0.772,-35.095,23.437,244.690
0.275,0.934,0.749,-33.813,31.433,191.589
0.257,0.491,0.725,-29.602,41.809,172.852
0.182,0.368,0.624,-11.536,55.298,201.233
0.099,0.598,0.441,6.897,65.063,253.601
0.033,1.048,0.328,18.372,66.040,298.340
0.107,1.658,0.280,21.240,64.453,328.796
0.040,2.484,0.241,29.053,51.208,342.346
0.190,2.749,0.225,25.085,26.184,307.861
0.273,2.588,0.323,-24.475,2.441,249.512
0.259,2.332,0.459,-41.504,-8.667,189.941
0.258,1.912,0.510,-32.532,-1.160,131.653
0.283,1.536,0.425,-20.630,26.367,92.712
0.276,1.302,0.187,-2.319,54.565,80.261
0.249,1.282,0.017,15.320,59.875,89.844
0.238,1.458,-0.031,36.560,41.382,107.483
0.245,1.715,0.040,49.255,13.977,117.249
0.263,1.944,0.188,49.561,-9.583,115.479
0.295,2.090,0.341,43.152,-23.682,100.220
0.304,2.098,0.386,34.058,-23.804,71.533
0.314,1.885,0.394,12.451,-13.000,34.363
0.283,1.661,0.326,3.540,-1.221,8.179
0.301,1.434,0.267,7.446,4.517,-9.888
0.297,1.261,0.225,9.460,6.165,-18.921
0.308,1.144,0.219,12.390,4.028,-20.203
0.329,1.104,0.245,13.306,0.793,-16.724
0.325,1.093,0.289,14.709,-2.686,-14.282
0.329,1.061,0.334,16.479,-5.127,-17.029
0.341,0.996,0.345,14.343,-5.371,-21.057
0.334,0.962,0.344,11.169,-6.104,-21.118
0.339,0.958,0.365,11.047,-9.277,-18.799
0.343,0.940,0.402,8.240,-11.719,-19.653
0.341,0.880,0.420,3.418,-10.742,-24.170
0.338,0.798,0.405,-1.526,-6.897,-28.625
0.349,0.728,0.392,-3.967,-4.761,-30.762
0.360,0.670,0.398,-5.493,-5.554,-29.541

0.322,2.171,0.327,1.648,-22.156,5.798
0.293,2.362,0.350,6.958,-26.123,-11.780
0.259,2.499,0.381,11.536,-28.931,-37.720
0.222,2.598,0.395,17.029,-28.931,-65.613
0.251,2.657,0.408,17.334,-26.306,-93.506
0.191,2.641,0.419,9.583,-22.583,-122.864
0.172,2.587,0.461,-7.263,-17.334,-150.574
0.186,2.586,0.361,-20.508,-8.850,-172.058
0.115,2.549,0.390,-35.950,-15.808,-193.298
0.077,2.425,0.503,-43.640,-30.090,-224.670
0.029,2.292,0.638,-50.476,-31.921,-250.977
-0.012,2.162,0.721,-52.979,-23.010,-270.020
-0.088,2.035,0.743,-52.673,-10.376,-287.659
-0.154,1.877,0.733,-45.532,-0.793,-308.594
-0.230,1.670,0.760,-35.156,1.526,-332.581
-0.301,1.428,0.815,-23.132,1.343,-354.797
-0.354,1.115,0.878,-9.094,2.563,-374.878
-0.401,0.784,0.922,2.869,6.958,-390.503
-0.461,0.446,0.864,17.456,16.541,-397.827
-0.483,0.067,0.780,16.968,26.245,-402.283
-0.461,-0.310,0.773,-6.226,30.090,-403.076
-0.414,-0.598,0.838,-31.311,28.320,-387.451
-0.352,-0.749,0.948,-52.429,27.588,-354.797
-0.289,-0.816,1.005,-62.378,32.166,-318.298
-0.252,-0.861,0.974,-68.359,45.227,-288.391
-0.222,-0.952,0.850,-72.205,61.890,-270.142
-0.197,-1.107,0.682,-72.632,74.646,-260.437
-0.158,-1.277,0.525,-70.374,79.468,-251.282
-0.112,-1.414,0.392,-61.157,76.233,-235.352
-0.070,-1.498,0.315,-48.706,64.758,-211.731
-0.010,-1.558,0.309,-33.386,47.363,-187.561
0.050,-1.592,0.348,-18.738,31.677,-165.344
0.065,-1.650,0.348,-1.282,23.926,-146.118
0.074,-1.725,0.268,12.817,24.963,-128.967
0.104,-1.820,0.171,25.269,26.428,-112.610
0.102,-1.897,0.108,32.654,23.987,-92.163
0.118,-1.933,0.067,35.889,18.616,-65.308
0.140,-1.930,0.082,33.875,11.353,-34.363
0.136,-1.893,0.099,26.245,7.202,-2.075
0.131,-1.809,0.060,17.883,8.911,29.968
0.145,-1.682,0.032,8.484,9.521,61.340
0.149,-1.520,0.058,3.052,4.578,90.759
0.162,-1.347,0.113,1.770,-1.709,116.028
0.186,-1.174,0.146,4.333,-5.066,135.376
0.207,-1.020,0.136,10.132,-5.859,149.963
0.219,-0.892,0.105,17.334,-6.775,161.377
0.264,-0.770,0.130,23.621,-11.902,171.387
0.309,-0.625,0.215,29.175,-20.874,182.007
0.428,-0.453,0.308,32.898,-28.198,193.787
0.378,-0.300,0.399,34.729,-31.982,203.552
0.440,-0.149,0.456,32.654,-28.931,210.510
0.404,-0.002,0.486,31.311,-21.729,211.060
0.411,0.019,0.588,31.799,-19.958,207.031
0.438,-0.001,0.563,25.452,-9.766,201.355
0.403,0.026,0.459,26.428,-3.906,202.576
0.394,0.106,0.380,35.889,-5.920,210.388
0.389,0.171,0.353,39.246,-14.343,214.905
0.392,0.197,0.424,39.795,-27.161,213.318
0.377,0.191,0.540,39.856,-34.363,209.351
0.382,0.148,0.648,36.011,-28.137,207.092
0.390,0.177,0.680,30.701,-11.047,212.769
0.370,0.280,0.647,32.715,5.798,225.708
0.387,0.428,0.610,33.142,17.212,239.868
0.357,0.418,0.694,28.198,25.391,246.460
0.348,0.542,0.607,19.104,38.879,254.456
0.295,0.792,0.469,21.790,43.823,265.503
0.298,1.074,0.430,26.184,32.471,267.700
0.289,1.328,0.364,32.654,29.236,262.451
0.331,1.497,0.276,41.016,31.128,246.582
0.368,1.508,0.287,46.814,16.968,213.196
0.376,1.344,0.441,38.635,-5.249,172.241
0.333,1.083,0.577,37.720,-16.724,141.357
0.352,0.911,0.585,44.556,-5.859,134.155
0.364,0.852,0.398,54.321,13.000,148.193
0.231,1.298,0.227,65.186,19.104,171.570
0.337,1.362,0.174,80.017,3.540,165.649
0.316,1.274,0.225,22.888,-9.216,157.471
0.318,1.330,0.347,7.385,-25.085,165.161
0.331,1.475,0.504,5.249,-34.546,174.194
0.357,1.585,0.590,-4.028,-27.710,172.363
0.335,1.654,0.572,-10.498,-9.216,160.156
0.331,1.673,0.513,-12.390,8.850,139.343
0.333,1.686,0.445,-8.911,22.644,118.835
0.333,1.752,0.388,3.357,32.227,103.638
0.351,1.835,0.303,16.174,39.856,90.576
0.353,1.879,0.176,21.301,41.565,75.562
0.349,1.874,0.111,20.996,30.151,56.335
0.331,1.795,0.121,17.822,11.108,32.471
0.347,1.623,0.204,12.573,-5.005,7.812
0.356,1.417,0.266,7.202,-15.198,-9.705
0.354,1.272,0.341,4.883,-22.095,-14.954
0.349,1.206,0.403,7.874,-24.963,-11.902
0.365,1.176,0.448,5.798,-21.973,-8.240
0.367,1.147,0.484,2.441,-16.602,-8.423
0.382,1.097,0.497,1.587,-10.010,-11.292
0.369,1.045,0.485,0.488,-3.540,-14.099
0.354,1.002,0.469,3.174,1.038,-17.334
0.355,0.934,0.411,4.272,6.592,-22.400
0.351,0.856,0.352,2.075,8.728,-26.062
0.349,0.782,0.360,1.160,3.357,-26.428

0.333,2.020,0.377,3.784,-28.320,-38.635
0.327,2.053,0.405,4.944,-31.128,-60.791
0.305,2.055,0.422,7.446,-31.372,-83.313
0.288,2.069,0.410,10.010,-27.588,-102.051
0.271,2.088,0.409,9.521,-24.719,-118.774
0.258,2.058,0.446,4.761,-26.001,-137.756
0.238,1.974,0.520,-1.099,-28.381,-160.034
0.227,1.904,0.596,-9.033,-27.405,-177.917
0.222,1.886,0.644,-13.306,-22.400,-189.392
0.209,1.913,0.698,-14.832,-17.151,-198.608
0.207,1.966,0.770,-16.113,-14.099,-210.449
0.175,1.970,0.875,-16.968,-11.169,-227.112
0.116,1.890,1.003,-17.334,-6.958,-250.793
0.109,1.725,1.160,-16.174,2.686,-278.625
0.049,1.491,1.173,-9.705,22.522,-305.725
-0.045,1.276,0.919,-4.395,45.288,-321.838
-0.097,1.105,0.911,1.465,40.344,-330.261
-0.166,0.980,0.994,-1.892,33.691,-337.769
-0.225,0.773,0.962,-3.418,40.527,-348.694
-0.272,0.473,0.944,-6.958,44.983,-365.356
-0.347,0.152,0.971,-5.249,42.908,-376.709
-0.391,-0.128,0.984,-2.441,46.753,-374.268
-0.381,-0.335,0.943,-2.747,60.120,-362.854
-0.350,-0.484,0.858,-3.357,74.524,-347.534
-0.332,-0.601,0.781,-6.165,84.167,-330.505
-0.327,-0.746,0.705,-13.428,91.553,-316.223
-0.336,-0.919,0.598,-25.085,99.060,-304.810
-0.315,-1.129,0.487,-36.072,106.201,-294.312
-0.268,-1.356,0.387,-46.509,108.154,-281.433
-0.218,-1.525,0.310,-52.307,102.539,-260.254
-0.161,-1.609,0.240,-50.476,94.299,-229.492
-0.102,-1.635,0.166,-45.715,85.388,-195.862
-0.067,-1.643,0.073,-37.598,78.003,-167.542
-0.023,-1.685,-0.047,-29.419,72.510,-147.461
-0.015,-1.767,-0.155,-25.513,65.918,-132.446
0.006,-1.911,-0.238,-18.799,54.077,-119.385
0.022,-2.071,-0.272,-11.719,38.818,-101.807
0.026,-2.192,-0.255,-6.287,24.902,-76.965
0.021,-2.236,-0.229,0.000,13.916,-43.091
0.027,-2.184,-0.195,9.033,4.578,-4.578
0.055,-2.018,-0.126,15.015,-4.761,35.400
0.092,-1.780,-0.029,15.869,-14.221,73.792
0.103,-1.571,0.039,14.221,-19.592,103.516
0.111,-1.416,0.060,7.812,-18.860,122.742
0.128,-1.313,0.073,0.854,-17.883,136.536
0.130,-1.222,0.106,-2.869,-20.752,151.428
0.127,-1.122,0.163,-3.113,-24.719,167.542
0.124,-1.014,0.197,1.099,-27.405,181.946
0.121,-0.932,0.212,6.836,-28.992,192.993
0.140,-0.883,0.237,11.719,-31.006,200.012
0.076,-0.875,0.278,15.930,-36.377,205.688
0.139,-0.824,0.401,20.630,-44.983,216.736
0.131,-0.659,0.482,29.785,-47.729,234.009
0.138,-0.481,0.591,39.551,-47.852,250.427
0.159,-0.281,0.590,35.156,-36.072,263.306
0.150,-0.051,0.516,27.039,-26.978,277.222
0.168,0.166,0.535,22.461,-31.616,289.429
0.161,0.332,0.615,14.526,-40.466,292.603
0.183,0.435,0.748,12.878,-46.509,283.325
0.198,0.447,0.869,19.470,-45.471,266.052
0.209,0.365,0.931,28.015,-33.447,247.498
0.204,0.261,0.932,40.771,-14.648,236.145
0.195,0.281,0.881,54.138,4.700,242.920
0.165,0.460,0.821,62.866,17.029,263.428
0.218,0.790,0.771,58.472,23.499,286.194
0.229,1.035,0.806,51.636,29.724,300.903
0.226,1.423,0.640,41.931,41.077,308.960
0.271,1.773,0.428,39.063,43.762,298.645
0.339,1.908,0.399,37.109,21.790,257.568
0.408,1.804,0.510,34.973,1.038,205.322
0.442,1.566,0.602,40.283,-5.676,164.307
0.433,1.362,0.599,54.810,-3.174,141.724
0.403,1.303,0.503,68.420,5.493,137.634
0.344,1.515,0.271,70.496,15.137,152.832
0.423,1.736,0.249,98.083,1.953,158.936
0.487,1.705,0.268,41.138,-7.019,148.132
0.484,1.899,0.386,25.940,-24.048,155.945
0.508,2.085,0.571,26.978,-40.466,150.391
0.541,2.001,0.640,9.766,-31.189,122.314
0.506,1.841,0.604,-2.014,-5.798,91.248
0.514,1.709,0.477,6.958,14.771,66.406
0.521,1.627,0.303,14.832,28.687,47.424
0.505,1.542,0.219,20.874,27.649,31.555
0.504,1.459,0.175,27.222,18.127,18.738
0.495,1.408,0.171,30.090,6.409,8.850
0.496,1.353,0.220,31.128,-6.897,-0.854
0.485,1.250,0.312,27.710,-18.066,-10.742
0.433,1.141,0.401,20.752,-21.606,-16.663
0.469,1.126,0.452,15.076,-18.555,-17.822
0.494,1.029,0.472,22.156,-13.672,-21.851
0.505,0.877,0.358,3.296,-4.211,-27.405
0.466,0.811,0.334,4.395,-11.719,-23.499
0.488,0.777,0.438,5.615,-25.391,-18.066
0.492,0.748,0.529,-1.404,-28.870,-14.526
0.493,0.743,0.590,-3.540,-27.100,-12.329
0.500,0.723,0.651,-4.272,-23.743,-12.695
0.499,0.693,0.685,-6.165,-15.686,-13.672
0.493,0.656,0.668,-7.629,-4.272,-13.489
0.490,0.651,0.606,-6.775,5.310,-10.986
0.483,0.671,0.529,-2.502,9.705,-6.531

0.468,2.165,0.344,-2.197,-16.174,25.146
0.463,2.512,0.340,-7.507,-20.569,20.813
0.458,2.811,0.417,-17.578,-30.457,3.967
0.449,3.020,0.569,-33.081,-43.701,-24.536
0.386,3.064,0.745,-46.326,-49.683,-65.002
0.338,2.985,0.893,-52.307,-41.809,-117.554
0.271,2.769,0.927,-47.546,-22.461,-170.105
0.195,2.502,0.845,-38.879,-0.305,-214.844
0.136,2.273,0.745,-29.724,15.564,-246.704
0.097,2.110,0.729,-21.301,19.409,-268.738
0.036,1.935,0.784,-20.325,17.517,-287.720
-0.016,1.725,0.840,-26.611,19.104,-307.861
-0.076,1.481,0.866,-30.579,21.545,-328.247
-0.140,1.259,0.945,-30.273,18.005,-343.872
-0.219,1.059,1.001,-22.888,16.479,-353.882
-0.303,0.811,1.005,-21.179,23.743,-362.671
-0.401,0.481,0.970,-26.123,36.194,-373.779
-0.428,0.137,0.927,-41.748,48.340,-381.897
-0.445,-0.206,0.918,-57.922,56.030,-382.874
-0.423,-0.493,0.924,-68.848,60.364,-373.596
-0.372,-0.662,0.955,-80.078,64.087,-349.731
-0.313,-0.742,1.009,-91.248,67.139,-318.848
-0.270,-0.766,1.003,-92.896,75.928,-290.100
-0.257,-0.813,0.902,-92.957,90.271,-270.386
-0.220,-0.946,0.746,-93.018,100.586,-262.878
-0.172,-1.108,0.606,-88.318,101.807,-259.155
-0.115,-1.229,0.505,-73.853,96.436,-247.314
-0.067,-1.262,0.407,-53.162,87.158,-226.562
-0.030,-1.256,0.316,-31.250,75.500,-203.369
-0.021,-1.286,0.245,-16.174,64.087,-186.279
0.028,-1.382,0.202,-7.141,55.359,-176.331
0.034,-1.513,0.179,-2.075,49.683,-166.260
0.055,-1.636,0.108,-0.732,50.720,-150.024
0.095,-1.716,-0.002,1.160,55.298,-129.700
0.159,-1.725,-0.080,0.916,53.467,-104.553
0.214,-1.669,-0.106,-0.732,42.847,-73.975
0.238,-1.622,-0.122,-0.488,32.959,-45.959
0.257,-1.616,-0.167,-2.808,28.320,-25.635
0.261,-1.644,-0.229,-3.845,25.391,-8.850
0.266,-1.658,-0.275,-1.953,19.531,9.460
0.262,-1.654,-0.307,4.211,9.827,30.640
0.264,-1.631,-0.292,11.108,-2.319,53.284
0.272,-1.593,-0.230,19.348,-16.418,75.195
0.260,-1.541,-0.154,26.917,-28.625,96.436
0.242,-1.495,-0.060,32.043,-37.720,116.516
0.226,-1.413,0.042,37.415,-46.570,135.498
0.205,-1.297,0.149,43.274,-53.589,156.372
0.171,-1.210,0.238,45.654,-56.641,174.683
0.145,-1.156,0.306,44.861,-56.030,188.965
0.104,-1.087,0.349,43.945,-52.917,204.468
0.068,-0.970,0.380,41.931,-49.683,224.915
0.041,-0.778,0.417,39.490,-50.110,247.314
0.023,-0.549,0.457,39.368,-53.101,267.517
0.008,-0.316,0.521,38.940,-56.885,283.569
-0.011,-0.112,0.598,39.185,-59.998,293.457
-0.009,0.036,0.696,40.344,-60.486,295.105
-0.004,0.149,0.786,44.678,-59.204,291.138
0.010,0.278,0.784,54.199,-53.040,289.185
0.022,0.454,0.701,68.176,-43.396,290.710
0.054,0.676,0.655,72.754,-37.354,296.082
0.116,0.863,0.674,71.472,-40.833,296.570
0.172,0.952,0.773,66.833,-49.866,284.302
0.198,0.955,0.863,55.542,-50.781,267.029
0.225,0.934,0.895,43.335,-39.063,254.578
0.225,0.978,0.843,31.006,-20.691,250.732
0.274,1.150,0.760,24.414,-1.892,258.423
0.338,1.362,0.746,20.447,15.381,271.118
0.402,1.755,0.653,20.325,29.236,285.339
0.427,2.260,0.550,42.419,26.123,289.124
0.499,2.614,0.565,48.950,4.333,260.193
0.582,2.647,0.623,41.809,-7.690,204.163
0.789,2.301,0.586,32.410,-3.540,137.512
0.494,2.181,0.470,30.640,4.028,84.045
0.650,1.601,0.430,65.063,2.258,27.893
0.525,1.082,0.272,22.217,18.250,6.653
0.539,0.920,0.159,47.485,13.550,30.945
0.500,1.054,0.175,59.265,-4.822,69.580
0.552,1.237,0.299,52.124,-19.775,96.375
0.540,1.433,0.424,39.551,-26.550,108.398
0.567,1.552,0.515,36.560,-27.527,102.539
0.526,1.567,0.618,26.550,-24.292,83.862
0.536,1.579,0.704,17.822,-11.047,66.528
0.537,1.558,0.685,18.860,11.475,48.462
0.536,1.466,0.557,24.597,34.241,26.184
0.500,1.303,0.390,28.076,46.448,3.418
0.474,1.132,0.273,32.227,45.166,-13.977
0.463,0.986,0.221,34.851,36.499,-23.682
0.484,0.836,0.250,35.522,21.790,-28.442
0.475,0.708,0.340,29.907,6.592,-26.550
0.483,0.641,0.419,28.992,-2.563,-18.982
0.479,0.612,0.490,35.156,-5.920,-8.789
0.489,0.650,0.545,42.603,-5.920,2.441
0.493,0.731,0.590,53.833,-7.324,12.634
0.478,0.769,0.624,70.251,-8.179,17.090
0.510,0.763,0.637,71.655,-3.113,15.808
0.473,0.750,0.566,67.261,6.897,9.155
0.449,0.684,0.522,64.819,12.390,-2.441
0.452,0.599,0.479,63.721,11.414,-13.000
0.450,0.534,0.416,71.167,10.437,-16.113
0.437,0.493,0.396,69.702,5.066,-14.954

